{
	"header": {
		"magic": 1396790855,
		"save_game_version": 3,
		"package_file_version_ue4": 522,
		"package_file_version_ue5": 1008,
		"engine_version_major": 5,
		"engine_version_minor": 1,
		"engine_version_patch": 1,
		"engine_version_changelist": 0,
		"engine_version_branch": "++UE5+Release-5.1",
		"custom_version_format": 3,
		"custom_versions": [
			[
				"40d2fba7-4b48-4ce5-b038-5a75884e499e",
				7
			],
			[
				"fcf57afa-5076-4283-b9a9-e658ffa02d32",
				76
			],
			[
				"0925477b-763d-4001-9d91-d6730b75b411",
				1
			],
			[
				"4288211b-4548-16c6-1a76-67b2507a2a00",
				1
			],
			[
				"1ab9cecc-0000-6913-0000-4875203d51fb",
				101
			],
			[
				"4cef9221-470e-d43a-7e60-3d8c16995726",
				1
			],
			[
				"a1c4d3f6-5b2e-7a8d-9f6e-4b3cd7e1a8b2",
				0
			],
			[
				"3a1f7b2e-7b9d-6e8c-4c2a-9f1d85b3e4f1",
				1
			],
			[
				"134a157e-d5e2-49a3-8d4e-843c98fe9e31",
				1
			],
			[
				"e2717c7e-52f5-44d3-950c-5340b315035e",
				9
			],
			[
				"11310aed-2e55-4d61-af67-9aa3c5a1082c",
				17
			],
			[
				"a7820cfb-20a7-4359-8c54-2c149623cf50",
				21
			],
			[
				"f6dfbb78-bb50-a0e4-4018-b84d60cbaf23",
				2
			],
			[
				"24bb7af3-5646-4f83-1f2f-2dc249ad96ff",
				5
			],
			[
				"76a52329-0923-45b5-98ae-d841cf2f6ad8",
				5
			],
			[
				"5fbc6907-55c8-40ae-8e67-f1845efff13f",
				1
			],
			[
				"82e77c4e-3323-43a5-b46b-13c597310df3",
				0
			],
			[
				"7f3847e4-5ec8-4e9a-84e8-a69aad16bc39",
				1
			],
			[
				"fb3a59e2-445e-403f-aaab-d5e4d2ee1e01",
				1
			],
			[
				"00000000-0000-0000-0000-000000000000",
				1
			],
			[
				"12eab47e-ff5a-1b9a-bc71-aa710ed633df",
				1
			],
			[
				"636f6bc2-d5c4-4ed9-993a-c408419e8b62",
				1
			],
			[
				"841d9449-4ba8-258a-7596-6e80dc37f5bf",
				1
			],
			[
				"47ee66dc-9946-43d1-8de8-cd6b822a949a",
				1
			],
			[
				"c82548a0-8e5c-4a06-bcea-e2b521b58851",
				2
			],
			[
				"0ffcf66c-1190-4899-b160-9cf84a46475e",
				1
			],
			[
				"de000b38-ced7-4949-992d-df9769c3c1c0",
				1
			],
			[
				"c75f4992-ff2c-4dc3-816c-d6796dea8981",
				1
			],
			[
				"03c025d9-d888-4ef2-b0fa-87136ae606c7",
				1
			],
			[
				"9c54d522-a826-4fbe-9421-074661b482d0",
				44
			],
			[
				"b0d832e4-1f89-4f0d-accf-7eb736fd4aa2",
				10
			],
			[
				"e1c64328-a22c-4d53-a36c-8e866417bd8c",
				0
			],
			[
				"375ec13c-06e4-48fb-b500-84f0262a717e",
				4
			],
			[
				"e4b068ed-f494-42e9-a231-da0b2e46bb41",
				40
			],
			[
				"cffc743f-43b0-4480-9391-14df171d2073",
				37
			],
			[
				"b02b49b5-bb20-44e9-a304-32b752e40360",
				3
			],
			[
				"a4e4105c-59a1-49b5-a7c5-40c4547edfee",
				0
			],
			[
				"39c831c9-5ae6-47dc-9a44-9c173e1c8e7c",
				0
			],
			[
				"78f01b33-ebea-4f98-b9b4-84eaccb95aa2",
				20
			],
			[
				"6631380f-2d4d-43e0-8009-cf276956a95a",
				0
			],
			[
				"12f88b9f-8875-4afc-a67c-d90c383abd29",
				45
			],
			[
				"7b5ae74c-d270-4c10-a958-57980b212a5a",
				13
			],
			[
				"d7296918-1dd6-4bdd-9de2-64a83cc13884",
				3
			],
			[
				"c2a15278-bfe7-4afe-6c17-90ff531df755",
				1
			],
			[
				"6eaca3d4-40ec-4cc1-b786-8bed09428fc5",
				3
			],
			[
				"29e575dd-e0a3-4627-9d10-d276232cdcea",
				17
			],
			[
				"af43a65d-7fd3-4947-9873-3e8ed9c1bb05",
				15
			],
			[
				"6b266cec-1ec7-4b8f-a30b-e4d90942fc07",
				1
			],
			[
				"0df73d61-a23f-47ea-b727-89e90c41499a",
				1
			],
			[
				"601d1886-ac64-4f84-aa16-d3de0deac7d6",
				80
			],
			[
				"5b4c06b7-2463-4af8-805b-bf70cdf5d0dd",
				10
			],
			[
				"e7086368-6b23-4c58-8439-1b7016265e91",
				4
			],
			[
				"9dffbcd6-494f-0158-e221-12823c92a888",
				10
			],
			[
				"f2aed0ac-9afe-416f-8664-aa7ffa26d6fc",
				1
			],
			[
				"174f1f0b-b4c6-45a5-b13f-2ee8d0fb917d",
				10
			],
			[
				"35f94a83-e258-406c-a318-09f59610247c",
				41
			],
			[
				"b68fc16e-8b1b-42e2-b453-215c058844fe",
				1
			],
			[
				"b2e18506-4273-cfc2-a54e-f4bb758bba07",
				1
			],
			[
				"64f58936-fd1b-42ba-ba96-7289d5d0fa4e",
				1
			],
			[
				"697dd581-e64f-41ab-aa4a-51ecbeb7b628",
				88
			],
			[
				"d89b5e42-24bd-4d46-8412-aca8df641779",
				41
			],
			[
				"59da5d52-1232-4948-b878-597870b8e98b",
				8
			],
			[
				"26075a32-730f-4708-88e9-8c32f1599d05",
				0
			],
			[
				"6f0ed827-a609-4895-9c91-998d90180ea4",
				2
			],
			[
				"30d58be3-95ea-4282-a6e3-b159d8ebb06a",
				1
			],
			[
				"717f9ee7-e9b0-493a-88b3-91321b388107",
				16
			],
			[
				"430c4d19-7154-4970-8769-9b69df90b0e5",
				15
			],
			[
				"aafe32bd-5395-4c14-b66a-5e251032d1dd",
				1
			],
			[
				"23afe18e-4ce1-4e58-8d61-c252b953beb7",
				11
			],
			[
				"a462b7ea-f499-4e3a-99c1-ec1f8224e1b2",
				4
			],
			[
				"2eb5fdbd-01ac-4d10-8136-f38f3393a5da",
				5
			],
			[
				"509d354f-f6e6-492f-a749-85b2073c631c",
				0
			],
			[
				"b6e31b1c-d29f-11ec-857e-9f856f9970e2",
				1
			],
			[
				"4a56eb40-10f5-11dc-92d3-347eb2c96ae7",
				2
			],
			[
				"d78a4a00-e858-4697-baa8-19b5487d46b4",
				18
			],
			[
				"5579f886-933a-4c1f-83ba-087b6361b92f",
				2
			],
			[
				"612fbe52-da53-400b-910d-4f919fb1857c",
				1
			],
			[
				"a4237a36-caea-41c9-8fa2-18f858681bf3",
				5
			],
			[
				"804e3f75-7088-4b49-a4d6-8c063c7eb6dc",
				5
			],
			[
				"1ed048f4-2f2e-4c68-89d0-53a4f18f102d",
				1
			],
			[
				"fb680af2-59ef-4ba3-baa8-19b573c8443d",
				2
			],
			[
				"9950b70e-b41a-4e17-bbcc-fa0d57817fd6",
				1
			],
			[
				"ab965196-45d8-08fc-b7d7-228d78ad569e",
				1
			]
		],
		"save_game_class_name": "/Script/Pal.PalWorldPlayerSaveGame"
	},
	"properties": {
		"Version": {
			"id": null,
			"value": 100,
			"type": "IntProperty"
		},
		"Timestamp": {
			"struct_type": "DateTime",
			"struct_id": "00000000-0000-0000-0000-000000000000",
			"id": null,
			"value": 638873950730820000,
			"type": "StructProperty"
		},
		"SaveData": {
			"struct_type": "PalWorldPlayerSaveData",
			"struct_id": "00000000-0000-0000-0000-000000000000",
			"id": null,
			"value": {
				"PlayerUId": {
					"struct_type": "Guid",
					"struct_id": "00000000-0000-0000-0000-000000000000",
					"id": null,
					"value": "789209cf-0000-0000-0000-000000000000",
					"type": "StructProperty"
				},
				"IndividualId": {
					"struct_type": "PalInstanceID",
					"struct_id": "00000000-0000-0000-0000-000000000000",
					"id": null,
					"value": {
						"PlayerUId": {
							"struct_type": "Guid",
							"struct_id": "00000000-0000-0000-0000-000000000000",
							"id": null,
							"value": "789209cf-0000-0000-0000-000000000000",
							"type": "StructProperty"
						},
						"InstanceId": {
							"struct_type": "Guid",
							"struct_id": "00000000-0000-0000-0000-000000000000",
							"id": null,
							"value": "bf356744-423b-f39d-704e-41bfba434d05",
							"type": "StructProperty"
						}
					},
					"type": "StructProperty"
				},
				"LastTransform": {
					"struct_type": "Transform",
					"struct_id": "00000000-0000-0000-0000-000000000000",
					"id": null,
					"value": {
						"Rotation": {
							"struct_type": "Quat",
							"struct_id": "00000000-0000-0000-0000-000000000000",
							"id": null,
							"value": {
								"x": -0.0,
								"y": 0.0,
								"z": -0.9351037863230022,
								"w": 0.3543739674473635
							},
							"type": "StructProperty"
						},
						"Translation": {
							"struct_type": "Vector",
							"struct_id": "00000000-0000-0000-0000-000000000000",
							"id": null,
							"value": {
								"x": -126360.52,
								"y": -96331.73,
								"z": -1952.83
							},
							"type": "StructProperty"
						}
					},
					"type": "StructProperty"
				},
				"PlayerCharacterMakeData": {
					"struct_type": "PalPlayerDataCharacterMakeInfo",
					"struct_id": "00000000-0000-0000-0000-000000000000",
					"id": null,
					"value": {
						"BodyMeshName": {
							"id": null,
							"value": "TypeB",
							"type": "NameProperty"
						},
						"HeadMeshName": {
							"id": null,
							"value": "type2",
							"type": "NameProperty"
						},
						"HairMeshName": {
							"id": null,
							"value": "type2",
							"type": "NameProperty"
						},
						"LegVolume": {
							"id": null,
							"value": -0.5,
							"type": "FloatProperty"
						},
						"HairColor": {
							"struct_type": "LinearColor",
							"struct_id": "00000000-0000-0000-0000-000000000000",
							"id": null,
							"value": {
								"r": 0.0,
								"g": 1.0431736707687378,
								"b": 1.015243411064148,
								"a": 1.0
							},
							"type": "StructProperty"
						},
						"BrowColor": {
							"struct_type": "LinearColor",
							"struct_id": "00000000-0000-0000-0000-000000000000",
							"id": null,
							"value": {
								"r": 0.0,
								"g": 1.0431736707687378,
								"b": 1.015243411064148,
								"a": 1.0
							},
							"type": "StructProperty"
						},
						"BodyColor": {
							"struct_type": "LinearColor",
							"struct_id": "00000000-0000-0000-0000-000000000000",
							"id": null,
							"value": {
								"r": 0.00573806744068861,
								"g": 0.9651038646697998,
								"b": 1.5671875476837158,
								"a": 1.0
							},
							"type": "StructProperty"
						},
						"BodySubsurfaceColor": {
							"struct_type": "LinearColor",
							"struct_id": "00000000-0000-0000-0000-000000000000",
							"id": null,
							"value": {
								"r": 1.3000518083572388,
								"g": 0.0909947007894516,
								"b": 0.04540133848786354,
								"a": 1.0
							},
							"type": "StructProperty"
						},
						"EyeColor": {
							"struct_type": "LinearColor",
							"struct_id": "00000000-0000-0000-0000-000000000000",
							"id": null,
							"value": {
								"r": 0.03495568782091141,
								"g": 1.0771548748016357,
								"b": 1.1776036024093628,
								"a": 1.0
							},
							"type": "StructProperty"
						},
						"EyeMaterialName": {
							"id": null,
							"value": "Type001",
							"type": "NameProperty"
						},
						"VoiceID": {
							"id": null,
							"value": 5,
							"type": "IntProperty"
						}
					},
					"type": "StructProperty"
				},
				"OtomoCharacterContainerId": {
					"struct_type": "PalContainerId",
					"struct_id": "00000000-0000-0000-0000-000000000000",
					"id": null,
					"value": {
						"ID": {
							"struct_type": "Guid",
							"struct_id": "00000000-0000-0000-0000-000000000000",
							"id": null,
							"value": "df4819c4-4578-025c-08ae-0db372d77705",
							"type": "StructProperty"
						}
					},
					"type": "StructProperty"
				},
				"InventoryInfo": {
					"struct_type": "PalPlayerDataInventoryInfo",
					"struct_id": "00000000-0000-0000-0000-000000000000",
					"id": null,
					"value": {
						"CommonContainerId": {
							"struct_type": "PalContainerId",
							"struct_id": "00000000-0000-0000-0000-000000000000",
							"id": null,
							"value": {
								"ID": {
									"struct_type": "Guid",
									"struct_id": "00000000-0000-0000-0000-000000000000",
									"id": null,
									"value": "ffb0e50d-4143-3290-a16f-018fbddc67f8",
									"type": "StructProperty"
								}
							},
							"type": "StructProperty"
						},
						"DropSlotContainerId": {
							"struct_type": "PalContainerId",
							"struct_id": "00000000-0000-0000-0000-000000000000",
							"id": null,
							"value": {
								"ID": {
									"struct_type": "Guid",
									"struct_id": "00000000-0000-0000-0000-000000000000",
									"id": null,
									"value": "66ebefba-4ec2-7743-dd95-2580996a450f",
									"type": "StructProperty"
								}
							},
							"type": "StructProperty"
						},
						"EssentialContainerId": {
							"struct_type": "PalContainerId",
							"struct_id": "00000000-0000-0000-0000-000000000000",
							"id": null,
							"value": {
								"ID": {
									"struct_type": "Guid",
									"struct_id": "00000000-0000-0000-0000-000000000000",
									"id": null,
									"value": "e777f1e3-4baa-50a5-1403-37ba6c939d3b",
									"type": "StructProperty"
								}
							},
							"type": "StructProperty"
						},
						"WeaponLoadOutContainerId": {
							"struct_type": "PalContainerId",
							"struct_id": "00000000-0000-0000-0000-000000000000",
							"id": null,
							"value": {
								"ID": {
									"struct_type": "Guid",
									"struct_id": "00000000-0000-0000-0000-000000000000",
									"id": null,
									"value": "a5e6dd12-4b78-cd02-8dda-b39a9d154990",
									"type": "StructProperty"
								}
							},
							"type": "StructProperty"
						},
						"PlayerEquipArmorContainerId": {
							"struct_type": "PalContainerId",
							"struct_id": "00000000-0000-0000-0000-000000000000",
							"id": null,
							"value": {
								"ID": {
									"struct_type": "Guid",
									"struct_id": "00000000-0000-0000-0000-000000000000",
									"id": null,
									"value": "f5728549-4068-0d1c-ccf7-9f9aed7b1bcf",
									"type": "StructProperty"
								}
							},
							"type": "StructProperty"
						},
						"FoodEquipContainerId": {
							"struct_type": "PalContainerId",
							"struct_id": "00000000-0000-0000-0000-000000000000",
							"id": null,
							"value": {
								"ID": {
									"struct_type": "Guid",
									"struct_id": "00000000-0000-0000-0000-000000000000",
									"id": null,
									"value": "099164df-4bee-4f4d-7dd3-dbabbcbbe054",
									"type": "StructProperty"
								}
							},
							"type": "StructProperty"
						},
						"LanternEquipData": {
							"struct_type": "PalPlayerDataEquipLanternData",
							"struct_id": "00000000-0000-0000-0000-000000000000",
							"id": null,
							"value": {
								"EquipLanternItemId": {
									"id": null,
									"value": "Lantern",
									"type": "NameProperty"
								},
								"EquipType": {
									"id": null,
									"value": {
										"type": "EPalPlayerEquipLantern",
										"value": "EPalPlayerEquipLantern::Auto"
									},
									"type": "EnumProperty"
								}
							},
							"type": "StructProperty"
						}
					},
					"type": "StructProperty"
				},
				"TechnologyPoint": {
					"id": null,
					"value": 44,
					"type": "IntProperty"
				},
				"bossTechnologyPoint": {
					"id": null,
					"value": 5,
					"type": "IntProperty"
				},
				"UnlockedRecipeTechnologyNames": {
					"array_type": "NameProperty",
					"id": null,
					"value": {
						"values": [
							"Workbench",
							"Product_Axe_Grade_01",
							"Product_Pickaxe_Grade_01",
							"HandTorch",
							"Battle_MeleeWeapon_Bat",
							"SkinChange",
							"GlobalPalStorage",
							"PalBox",
							"Special_PalSphere_Grade_01",
							"Product_Cooking_Grade_01",
							"Infra_ItemChest_Grade_01",
							"RepairBench",
							"Wooden_houseset",
							"Battle_RangeWeapon_Bow1",
							"Arrow",
							"Infra_PlayerBed_Grade_01",
							"Infra_PalBed_Grade_01",
							"Battle_Cloth",
							"Shield_01",
							"Spear",
							"Battle_Armor_Grade_01_Cloth",
							"PalFoodBox",
							"Product_Farm_Berries",
							"MonsterFarm",
							"Battle_Glider_Grade_01",
							"Arrow_Fire",
							"Product_WorkBench_SkillUnlock",
							"BuildableGoddessStatue",
							"SkillUnlock_Boar",
							"Product_StationDeforest",
							"Product_StonePit",
							"Special_HatchingPalEgg",
							"Crusher",
							"Arrow_Poison",
							"Spa",
							"SkillUnlock_Garm",
							"Battle_RangeWeapon_Bow3",
							"Product_Ingot_Grade_01_Copper",
							"Infra_MachineParts",
							"AutoMealPouch_Tier1",
							"Product_Axe_Grade_02",
							"Product_Pickaxe_Grade_02",
							"Product_Factory_Hard_Grade_01",
							"Product_Medicine_Grade_01",
							"SkillUnlock_Deer",
							"Battle_RangeWeapon_BowGun",
							"Spear_2",
							"CoolerBox",
							"Special_PalSphere_Grade_02",
							"Special_SphereFactory_Black_Grade_01",
							"BaseCampWorkHard",
							"FishingSet1",
							"Battle_RangeWeapon_BowGun_Fire",
							"Product_Farm_wheat",
							"FlourMill",
							"SkillUnlock_HawkBird",
							"Lantern",
							"Shield_02",
							"Infra_ItemChest_Grade_02",
							"Battle_RangeWeapon_BowGun_Poison",
							"Product_Cooking_Grade_02",
							"Battle_Glider_Grade_02",
							"BreedFarm",
							"Cement",
							"SkillUnlock_DrillGame",
							"Special_PalSphere_Grade_03",
							"Product_WeaponFactory_Dirty_Grade_01",
							"Lab",
							"DimensionPalStorage",
							"Musket",
							"Battle_GunPowder_Grade_02",
							"RoughBullet",
							"SkillUnlock_BirdDragon",
							"Battle_Armor_Grade_03_Copper",
							"Battle_Helm_Grade_03_Copper",
							"Infra_PalBed_Grade_02",
							"Product_CopperPit"
						]
					},
					"type": "ArrayProperty"
				},
				"PalStorageContainerId": {
					"struct_type": "PalContainerId",
					"struct_id": "00000000-0000-0000-0000-000000000000",
					"id": null,
					"value": {
						"ID": {
							"struct_type": "Guid",
							"struct_id": "00000000-0000-0000-0000-000000000000",
							"id": null,
							"value": "97cb7e53-4fbc-1435-947a-0ab9e2cc14f8",
							"type": "StructProperty"
						}
					},
					"type": "StructProperty"
				},
				"RecordData": {
					"struct_type": "PalLoggedinPlayerSaveDataRecordData",
					"struct_id": "00000000-0000-0000-0000-000000000000",
					"id": null,
					"value": {
						"TowerBossDefeatFlag": {
							"key_type": "NameProperty",
							"value_type": "BoolProperty",
							"key_struct_type": null,
							"value_struct_type": null,
							"id": null,
							"value": [
								{
									"key": "BOSS_BATTLE_NAME_GrassBoss",
									"value": true
								},
								{
									"key": "BOSS_BATTLE_NAME_ForestBoss",
									"value": true
								}
							],
							"type": "MapProperty"
						},
						"TowerBossDefeatCount": {
							"key_type": "NameProperty",
							"value_type": "IntProperty",
							"key_struct_type": null,
							"value_struct_type": null,
							"id": null,
							"value": [
								{
									"key": "GrassBoss_Normal",
									"value": 1
								},
								{
									"key": "ForestBoss_Normal",
									"value": 1
								}
							],
							"type": "MapProperty"
						},
						"NormalBossDefeatFlag": {
							"key_type": "NameProperty",
							"value_type": "BoolProperty",
							"key_struct_type": null,
							"value_struct_type": null,
							"id": null,
							"value": [
								{
									"key": "81_1_grass_FBOSS_22",
									"value": true
								},
								{
									"key": "81_1_grass_FBOSS_1",
									"value": true
								},
								{
									"key": "1_10_plain_F_Boss_FairyDragon",
									"value": true
								}
							],
							"type": "MapProperty"
						},
						"TribeCaptureCount": {
							"id": null,
							"value": 20,
							"type": "IntProperty"
						},
						"PalCaptureCount": {
							"key_type": "NameProperty",
							"value_type": "IntProperty",
							"key_struct_type": null,
							"value_struct_type": null,
							"id": null,
							"value": [
								{
									"key": "ChickenPal",
									"value": 2
								},
								{
									"key": "Sheepball",
									"value": 8
								},
								{
									"key": "Deer",
									"value": 2
								},
								{
									"key": "FlameBambi",
									"value": 3
								},
								{
									"key": "WoolFox",
									"value": 1
								},
								{
									"key": "PlantSlime",
									"value": 1
								},
								{
									"key": "Carbunclo",
									"value": 1
								},
								{
									"key": "FlyingManta",
									"value": 2
								},
								{
									"key": "Penguin",
									"value": 1
								},
								{
									"key": "WizardOwl",
									"value": 2
								},
								{
									"key": "Boar",
									"value": 1
								},
								{
									"key": "Garm",
									"value": 5
								},
								{
									"key": "HawkBird",
									"value": 1
								},
								{
									"key": "FlowerDinosaur",
									"value": 2
								},
								{
									"key": "DrillGame",
									"value": 2
								},
								{
									"key": "Mutant",
									"value": 1
								},
								{
									"key": "TentacleTurtle",
									"value": 3
								},
								{
									"key": "KendoFrog",
									"value": 1
								},
								{
									"key": "ColorfulBird",
									"value": 1
								},
								{
									"key": "BirdDragon",
									"value": 1
								}
							],
							"type": "MapProperty"
						},
						"PalCaptureBonusCount": {
							"key_type": "NameProperty",
							"value_type": "IntProperty",
							"key_struct_type": null,
							"value_struct_type": null,
							"id": null,
							"value": [
								{
									"key": "ChickenPal",
									"value": 2
								},
								{
									"key": "Sheepball",
									"value": 8
								},
								{
									"key": "Deer",
									"value": 2
								},
								{
									"key": "FlameBambi",
									"value": 3
								},
								{
									"key": "WoolFox",
									"value": 1
								},
								{
									"key": "PlantSlime",
									"value": 1
								},
								{
									"key": "Carbunclo",
									"value": 1
								},
								{
									"key": "FlyingManta",
									"value": 2
								},
								{
									"key": "Penguin",
									"value": 1
								},
								{
									"key": "WizardOwl",
									"value": 2
								},
								{
									"key": "Boar",
									"value": 1
								},
								{
									"key": "Garm",
									"value": 5
								},
								{
									"key": "HawkBird",
									"value": 1
								},
								{
									"key": "FlowerDinosaur",
									"value": 2
								},
								{
									"key": "DrillGame",
									"value": 2
								},
								{
									"key": "Mutant",
									"value": 1
								},
								{
									"key": "TentacleTurtle",
									"value": 3
								},
								{
									"key": "KendoFrog",
									"value": 1
								},
								{
									"key": "ColorfulBird",
									"value": 1
								},
								{
									"key": "BirdDragon",
									"value": 1
								}
							],
							"type": "MapProperty"
						},
						"PaldeckUnlockFlag": {
							"key_type": "NameProperty",
							"value_type": "BoolProperty",
							"key_struct_type": null,
							"value_struct_type": null,
							"id": null,
							"value": [
								{
									"key": "Anubis",
									"value": true
								},
								{
									"key": "GuardianDog",
									"value": true
								},
								{
									"key": "ChickenPal",
									"value": true
								},
								{
									"key": "WhiteDeer",
									"value": true
								},
								{
									"key": "Sheepball",
									"value": true
								},
								{
									"key": "Deer",
									"value": true
								},
								{
									"key": "FlameBambi",
									"value": true
								},
								{
									"key": "WoolFox",
									"value": true
								},
								{
									"key": "PlantSlime",
									"value": true
								},
								{
									"key": "Carbunclo",
									"value": true
								},
								{
									"key": "FlyingManta",
									"value": true
								},
								{
									"key": "Penguin",
									"value": true
								},
								{
									"key": "WizardOwl",
									"value": true
								},
								{
									"key": "Boar",
									"value": true
								},
								{
									"key": "LilyQueen",
									"value": true
								},
								{
									"key": "Horus_Water",
									"value": true
								},
								{
									"key": "WingGolem",
									"value": true
								},
								{
									"key": "Umihebi_Fire",
									"value": true
								},
								{
									"key": "Garm",
									"value": true
								},
								{
									"key": "HawkBird",
									"value": true
								},
								{
									"key": "FlowerDinosaur",
									"value": true
								},
								{
									"key": "DrillGame",
									"value": true
								},
								{
									"key": "KingBahamut",
									"value": true
								},
								{
									"key": "Mutant",
									"value": true
								},
								{
									"key": "TentacleTurtle",
									"value": true
								},
								{
									"key": "KendoFrog",
									"value": true
								},
								{
									"key": "ColorfulBird",
									"value": true
								},
								{
									"key": "LazyCatfish",
									"value": true
								},
								{
									"key": "BirdDragon",
									"value": true
								}
							],
							"type": "MapProperty"
						},
						"PalCaptureBonusExpTableIndex": {
							"id": null,
							"value": 45,
							"type": "IntProperty"
						},
						"NoteObtainForInstanceFlag": {
							"key_type": "NameProperty",
							"value_type": "BoolProperty",
							"key_struct_type": null,
							"value_struct_type": null,
							"id": null,
							"value": [
								{
									"key": "SakurajimaBoss1",
									"value": true
								},
								{
									"key": "SakurajimaBoss4",
									"value": true
								}
							],
							"type": "MapProperty"
						},
						"FastTravelPointUnlockFlag": {
							"key_type": "NameProperty",
							"value_type": "BoolProperty",
							"key_struct_type": null,
							"value_struct_type": null,
							"id": null,
							"value": [
								{
									"key": "41E36D9A4B2BA79A3AD1B7B83B16F77D",
									"value": true
								},
								{
									"key": "91DAC6F34D2A9FD7F01471B5166C6C02",
									"value": true
								},
								{
									"key": "F382ADAE4259150BF994FF873ECF242B",
									"value": true
								},
								{
									"key": "A136990F4E2C1C96C0384BA260CD0BC3",
									"value": true
								},
								{
									"key": "1749FBB34126AB7711670481717C9FEC",
									"value": true
								},
								{
									"key": "49C3516D459F15C70ABEE88CD7F4D331",
									"value": true
								},
								{
									"key": "C808C5844EB34E9EDA773AA209CEBA01",
									"value": true
								},
								{
									"key": "3A0F123947BE045BC415C6B061A5285A",
									"value": true
								},
								{
									"key": "6E03F8464BAD9E458B843AA30BE1CC8F",
									"value": true
								},
								{
									"key": "596996B948716D3FD2283C8B5C6E829C",
									"value": true
								},
								{
									"key": "DDBBFFAF43D9219AE68DF98744DF0831",
									"value": true
								},
								{
									"key": "41727100495D21DC905D309C53989914",
									"value": true
								},
								{
									"key": "603ED0CD4CFB9AFDC9E11F805594CCE5",
									"value": true
								},
								{
									"key": "D27AFCAD472164F000D33A8D8B61FE8B",
									"value": true
								},
								{
									"key": "6282FE1E4029EDCDB14135AA4C171E4C",
									"value": true
								},
								{
									"key": "BF8B123244ADB794A06EA8A10503FBDD",
									"value": true
								},
								{
									"key": "E88379634CB5B6117DA2E7B8810BFE0A",
									"value": true
								},
								{
									"key": "6DB6B7B2431CA2EFFFC88EB45805BA6A",
									"value": true
								},
								{
									"key": "74270C2F45B8DCA66B6A1FAAA911D024",
									"value": true
								},
								{
									"key": "DF9FB9CB41B43052A9C74FA79A826A50",
									"value": true
								}
							],
							"type": "MapProperty"
						},
						"CraftItemCount": {
							"key_type": "NameProperty",
							"value_type": "IntProperty",
							"key_struct_type": null,
							"value_struct_type": null,
							"id": null,
							"value": [
								{
									"key": "Pickaxe_Tier_00",
									"value": 2
								},
								{
									"key": "Axe_Tier_00",
									"value": 2
								},
								{
									"key": "PalSphere",
									"value": 60
								},
								{
									"key": "Torch",
									"value": 1
								},
								{
									"key": "Spear",
									"value": 1
								},
								{
									"key": "ClothArmor",
									"value": 2
								},
								{
									"key": "WeakerBow",
									"value": 2
								},
								{
									"key": "Arrow",
									"value": 363
								},
								{
									"key": "Bat",
									"value": 1
								},
								{
									"key": "Shield_01",
									"value": 2
								},
								{
									"key": "Glider_Old",
									"value": 1
								},
								{
									"key": "Bat2",
									"value": 1
								},
								{
									"key": "Cloth",
									"value": 32
								},
								{
									"key": "Pal_crystal_S",
									"value": 1704
								},
								{
									"key": "SkillUnlock_Boar",
									"value": 1
								},
								{
									"key": "CopperIngot",
									"value": 424
								},
								{
									"key": "SkillUnlock_Deer",
									"value": 1
								},
								{
									"key": "SkillUnlock_Garm",
									"value": 2
								},
								{
									"key": "MachineParts",
									"value": 138
								},
								{
									"key": "Charcoal",
									"value": 2336
								},
								{
									"key": "SkillUnlock_HawkBird",
									"value": 1
								},
								{
									"key": "Spear_2",
									"value": 1
								},
								{
									"key": "BakedMeat_GrassMammoth",
									"value": 6
								},
								{
									"key": "Flour",
									"value": 174
								},
								{
									"key": "FishingRod_01_1",
									"value": 1
								},
								{
									"key": "FishingBait_1",
									"value": 10
								},
								{
									"key": "SkillUnlock_DrillGame",
									"value": 1
								},
								{
									"key": "AutoMealPouch_Tier1",
									"value": 1
								},
								{
									"key": "Lantern",
									"value": 1
								},
								{
									"key": "JamBun",
									"value": 112
								},
								{
									"key": "CopperArmor",
									"value": 1
								},
								{
									"key": "CopperHelmet",
									"value": 1
								},
								{
									"key": "Shield_02",
									"value": 1
								},
								{
									"key": "SkillUnlock_BirdDragon",
									"value": 1
								},
								{
									"key": "BowGun",
									"value": 1
								}
							],
							"type": "MapProperty"
						},
						"FindAreaFlagMap": {
							"key_type": "NameProperty",
							"value_type": "BoolProperty",
							"key_struct_type": null,
							"value_struct_type": null,
							"id": null,
							"value": [
								{
									"key": "PvPIsland_002",
									"value": true
								},
								{
									"key": "Grass_FixedDungeon_005",
									"value": true
								},
								{
									"key": "PvPIsland_003",
									"value": true
								},
								{
									"key": "Sakurajim_Mushroom",
									"value": true
								},
								{
									"key": "Sakurajima_Sakura",
									"value": true
								},
								{
									"key": "Tower_Sakurajima",
									"value": true
								},
								{
									"key": "Grass_9",
									"value": true
								},
								{
									"key": "Grass_FixedDungeon_003",
									"value": true
								},
								{
									"key": "Sakurajima_RockSand",
									"value": true
								},
								{
									"key": "Grass_001",
									"value": true
								},
								{
									"key": "PvPIsland_001",
									"value": true
								},
								{
									"key": "Grass_5",
									"value": true
								},
								{
									"key": "Tower_Grass",
									"value": true
								},
								{
									"key": "Grass_4",
									"value": true
								},
								{
									"key": "Grass_001_Crunch",
									"value": true
								},
								{
									"key": "Oilrig_002",
									"value": true
								},
								{
									"key": "Forest_FixedDungeon_001",
									"value": true
								},
								{
									"key": "Grass_7",
									"value": true
								},
								{
									"key": "Forest_002",
									"value": true
								},
								{
									"key": "Frost_Small",
									"value": true
								},
								{
									"key": "Tower_Forest",
									"value": true
								},
								{
									"key": "Grass_002",
									"value": true
								}
							],
							"type": "MapProperty"
						},
						"AreaBonusExpTableIndex": {
							"id": null,
							"value": 24,
							"type": "IntProperty"
						},
						"FishingCountMap": {
							"key_type": "NameProperty",
							"value_type": "IntProperty",
							"key_struct_type": null,
							"value_struct_type": null,
							"id": null,
							"value": [
								{
									"key": "FishShadow_TentacleTurtle_Common",
									"value": 2
								},
								{
									"key": "FishShadow_TentacleTurtle_Boss",
									"value": 1
								}
							],
							"type": "MapProperty"
						},
						"bFirstFishingComplete": {
							"value": true,
							"id": null,
							"type": "BoolProperty"
						}
					},
					"type": "StructProperty"
				},
				"SkinInventoryInfo": {
					"struct_type": "PalSkinInventoryInfo",
					"struct_id": "00000000-0000-0000-0000-000000000000",
					"id": null,
					"value": {
						"InGameData": {
							"array_type": "StructProperty",
							"id": null,
							"value": {
								"prop_name": "InGameData",
								"prop_type": "StructProperty",
								"values": [
									{
										"SkinName": {
											"id": null,
											"value": "PinkCat_Skin001",
											"type": "NameProperty"
										},
										"Num": {
											"id": null,
											"value": 1,
											"type": "IntProperty"
										}
									},
									{
										"SkinName": {
											"id": null,
											"value": "WeaselDragon_Skin001",
											"type": "NameProperty"
										},
										"Num": {
											"id": null,
											"value": 1,
											"type": "IntProperty"
										}
									},
									{
										"SkinName": {
											"id": null,
											"value": "LazyDragon_Skin001",
											"type": "NameProperty"
										},
										"Num": {
											"id": null,
											"value": 1,
											"type": "IntProperty"
										}
									},
									{
										"SkinName": {
											"id": null,
											"value": "SkyDragon_Skin001",
											"type": "NameProperty"
										},
										"Num": {
											"id": null,
											"value": 1,
											"type": "IntProperty"
										}
									},
									{
										"SkinName": {
											"id": null,
											"value": "PlantSlime_Skin001",
											"type": "NameProperty"
										},
										"Num": {
											"id": null,
											"value": 1,
											"type": "IntProperty"
										}
									},
									{
										"SkinName": {
											"id": null,
											"value": "Penguin_Skin001",
											"type": "NameProperty"
										},
										"Num": {
											"id": null,
											"value": 1,
											"type": "IntProperty"
										}
									},
									{
										"SkinName": {
											"id": null,
											"value": "NegativeKoala_Skin001",
											"type": "NameProperty"
										},
										"Num": {
											"id": null,
											"value": 1,
											"type": "IntProperty"
										}
									},
									{
										"SkinName": {
											"id": null,
											"value": "CatMage_Skin001",
											"type": "NameProperty"
										},
										"Num": {
											"id": null,
											"value": 1,
											"type": "IntProperty"
										}
									},
									{
										"SkinName": {
											"id": null,
											"value": "JetDragon_Skin001",
											"type": "NameProperty"
										},
										"Num": {
											"id": null,
											"value": 1,
											"type": "IntProperty"
										}
									},
									{
										"SkinName": {
											"id": null,
											"value": "WeaselDragon_Skin002",
											"type": "NameProperty"
										},
										"Num": {
											"id": null,
											"value": 1,
											"type": "IntProperty"
										}
									},
									{
										"SkinName": {
											"id": null,
											"value": "Anubis_Skin001",
											"type": "NameProperty"
										},
										"Num": {
											"id": null,
											"value": 1,
											"type": "IntProperty"
										}
									},
									{
										"SkinName": {
											"id": null,
											"value": "IceHorse_Skin002",
											"type": "NameProperty"
										},
										"Num": {
											"id": null,
											"value": 1,
											"type": "IntProperty"
										}
									},
									{
										"SkinName": {
											"id": null,
											"value": "BlackGriffon_Skin001",
											"type": "NameProperty"
										},
										"Num": {
											"id": null,
											"value": 1,
											"type": "IntProperty"
										}
									},
									{
										"SkinName": {
											"id": null,
											"value": "PinkCat_Skin003",
											"type": "NameProperty"
										},
										"Num": {
											"id": null,
											"value": 1,
											"type": "IntProperty"
										}
									},
									{
										"SkinName": {
											"id": null,
											"value": "KendoFrog_Skin001",
											"type": "NameProperty"
										},
										"Num": {
											"id": null,
											"value": 1,
											"type": "IntProperty"
										}
									},
									{
										"SkinName": {
											"id": null,
											"value": "WeaselDragon_Fire_Skin002",
											"type": "NameProperty"
										},
										"Num": {
											"id": null,
											"value": 1,
											"type": "IntProperty"
										}
									},
									{
										"SkinName": {
											"id": null,
											"value": "PinkCat_Skin004",
											"type": "NameProperty"
										},
										"Num": {
											"id": null,
											"value": 1,
											"type": "IntProperty"
										}
									},
									{
										"SkinName": {
											"id": null,
											"value": "WeaselDragon_Skin003",
											"type": "NameProperty"
										},
										"Num": {
											"id": null,
											"value": 1,
											"type": "IntProperty"
										}
									},
									{
										"SkinName": {
											"id": null,
											"value": "WeaselDragon_Fire_Skin003",
											"type": "NameProperty"
										},
										"Num": {
											"id": null,
											"value": 1,
											"type": "IntProperty"
										}
									},
									{
										"SkinName": {
											"id": null,
											"value": "LilyQueen_Skin002",
											"type": "NameProperty"
										},
										"Num": {
											"id": null,
											"value": 1,
											"type": "IntProperty"
										}
									},
									{
										"SkinName": {
											"id": null,
											"value": "LilyQueen_Dark_Skin002",
											"type": "NameProperty"
										},
										"Num": {
											"id": null,
											"value": 1,
											"type": "IntProperty"
										}
									},
									{
										"SkinName": {
											"id": null,
											"value": "WeaselDragon_Skin004",
											"type": "NameProperty"
										},
										"Num": {
											"id": null,
											"value": 1,
											"type": "IntProperty"
										}
									}
								],
								"type_name": "PalSkinInGameItemData",
								"id": "00000000-0000-0000-0000-000000000000"
							},
							"type": "ArrayProperty"
						}
					},
					"type": "StructProperty"
				},
				"bIsSelectedInitMapPoint": {
					"value": true,
					"id": null,
					"type": "BoolProperty"
				},
				"CompletedQuestArray": {
					"array_type": "NameProperty",
					"id": null,
					"value": {
						"values": [
							"Main_UnlockFastTravel",
							"Main_PickupWood",
							"Main_GainStatus",
							"Main_BuildWorkBench",
							"Main_UnlockPalSphere",
							"Main_CollectCrystal",
							"Main_CraftPalSphere",
							"Main_CapturePal",
							"Main_UnlockPalBox",
							"Main_BuildPalBox",
							"Main_WorkerPal",
							"Main_Meal",
							"Main_EquipClothArmor",
							"Main_CaptureSheepBall",
							"Main_CraftShield",
							"Main_UseGlider"
						]
					},
					"type": "ArrayProperty"
				}
			},
			"type": "StructProperty"
		}
	},
	"trailer": "AAAAAA=="
}