{
	"header": {
		"magic": 1396790855,
		"save_game_version": 3,
		"package_file_version_ue4": 522,
		"package_file_version_ue5": 1008,
		"engine_version_major": 5,
		"engine_version_minor": 1,
		"engine_version_patch": 1,
		"engine_version_changelist": 0,
		"engine_version_branch": "++UE5+Release-5.1",
		"custom_version_format": 3,
		"custom_versions": [
			[
				"40d2fba7-4b48-4ce5-b038-5a75884e499e",
				7
			],
			[
				"fcf57afa-5076-4283-b9a9-e658ffa02d32",
				76
			],
			[
				"0925477b-763d-4001-9d91-d6730b75b411",
				1
			],
			[
				"4288211b-4548-16c6-1a76-67b2507a2a00",
				1
			],
			[
				"1ab9cecc-0000-6913-0000-4875203d51fb",
				101
			],
			[
				"4cef9221-470e-d43a-7e60-3d8c16995726",
				1
			],
			[
				"a1c4d3f6-5b2e-7a8d-9f6e-4b3cd7e1a8b2",
				0
			],
			[
				"3a1f7b2e-7b9d-6e8c-4c2a-9f1d85b3e4f1",
				1
			],
			[
				"134a157e-d5e2-49a3-8d4e-843c98fe9e31",
				1
			],
			[
				"e2717c7e-52f5-44d3-950c-5340b315035e",
				9
			],
			[
				"11310aed-2e55-4d61-af67-9aa3c5a1082c",
				17
			],
			[
				"a7820cfb-20a7-4359-8c54-2c149623cf50",
				21
			],
			[
				"f6dfbb78-bb50-a0e4-4018-b84d60cbaf23",
				2
			],
			[
				"24bb7af3-5646-4f83-1f2f-2dc249ad96ff",
				5
			],
			[
				"76a52329-0923-45b5-98ae-d841cf2f6ad8",
				5
			],
			[
				"5fbc6907-55c8-40ae-8e67-f1845efff13f",
				1
			],
			[
				"82e77c4e-3323-43a5-b46b-13c597310df3",
				0
			],
			[
				"7f3847e4-5ec8-4e9a-84e8-a69aad16bc39",
				1
			],
			[
				"fb3a59e2-445e-403f-aaab-d5e4d2ee1e01",
				1
			],
			[
				"00000000-0000-0000-0000-000000000000",
				1
			],
			[
				"12eab47e-ff5a-1b9a-bc71-aa710ed633df",
				1
			],
			[
				"636f6bc2-d5c4-4ed9-993a-c408419e8b62",
				1
			],
			[
				"841d9449-4ba8-258a-7596-6e80dc37f5bf",
				1
			],
			[
				"47ee66dc-9946-43d1-8de8-cd6b822a949a",
				1
			],
			[
				"c82548a0-8e5c-4a06-bcea-e2b521b58851",
				2
			],
			[
				"0ffcf66c-1190-4899-b160-9cf84a46475e",
				1
			],
			[
				"de000b38-ced7-4949-992d-df9769c3c1c0",
				1
			],
			[
				"c75f4992-ff2c-4dc3-816c-d6796dea8981",
				1
			],
			[
				"03c025d9-d888-4ef2-b0fa-87136ae606c7",
				1
			],
			[
				"9c54d522-a826-4fbe-9421-074661b482d0",
				44
			],
			[
				"b0d832e4-1f89-4f0d-accf-7eb736fd4aa2",
				10
			],
			[
				"e1c64328-a22c-4d53-a36c-8e866417bd8c",
				0
			],
			[
				"375ec13c-06e4-48fb-b500-84f0262a717e",
				4
			],
			[
				"e4b068ed-f494-42e9-a231-da0b2e46bb41",
				40
			],
			[
				"cffc743f-43b0-4480-9391-14df171d2073",
				37
			],
			[
				"b02b49b5-bb20-44e9-a304-32b752e40360",
				3
			],
			[
				"a4e4105c-59a1-49b5-a7c5-40c4547edfee",
				0
			],
			[
				"39c831c9-5ae6-47dc-9a44-9c173e1c8e7c",
				0
			],
			[
				"78f01b33-ebea-4f98-b9b4-84eaccb95aa2",
				20
			],
			[
				"6631380f-2d4d-43e0-8009-cf276956a95a",
				0
			],
			[
				"12f88b9f-8875-4afc-a67c-d90c383abd29",
				45
			],
			[
				"7b5ae74c-d270-4c10-a958-57980b212a5a",
				13
			],
			[
				"d7296918-1dd6-4bdd-9de2-64a83cc13884",
				3
			],
			[
				"c2a15278-bfe7-4afe-6c17-90ff531df755",
				1
			],
			[
				"6eaca3d4-40ec-4cc1-b786-8bed09428fc5",
				3
			],
			[
				"29e575dd-e0a3-4627-9d10-d276232cdcea",
				17
			],
			[
				"af43a65d-7fd3-4947-9873-3e8ed9c1bb05",
				15
			],
			[
				"6b266cec-1ec7-4b8f-a30b-e4d90942fc07",
				1
			],
			[
				"0df73d61-a23f-47ea-b727-89e90c41499a",
				1
			],
			[
				"601d1886-ac64-4f84-aa16-d3de0deac7d6",
				80
			],
			[
				"5b4c06b7-2463-4af8-805b-bf70cdf5d0dd",
				10
			],
			[
				"e7086368-6b23-4c58-8439-1b7016265e91",
				4
			],
			[
				"9dffbcd6-494f-0158-e221-12823c92a888",
				10
			],
			[
				"f2aed0ac-9afe-416f-8664-aa7ffa26d6fc",
				1
			],
			[
				"174f1f0b-b4c6-45a5-b13f-2ee8d0fb917d",
				10
			],
			[
				"35f94a83-e258-406c-a318-09f59610247c",
				41
			],
			[
				"b68fc16e-8b1b-42e2-b453-215c058844fe",
				1
			],
			[
				"b2e18506-4273-cfc2-a54e-f4bb758bba07",
				1
			],
			[
				"64f58936-fd1b-42ba-ba96-7289d5d0fa4e",
				1
			],
			[
				"697dd581-e64f-41ab-aa4a-51ecbeb7b628",
				88
			],
			[
				"d89b5e42-24bd-4d46-8412-aca8df641779",
				41
			],
			[
				"59da5d52-1232-4948-b878-597870b8e98b",
				8
			],
			[
				"26075a32-730f-4708-88e9-8c32f1599d05",
				0
			],
			[
				"6f0ed827-a609-4895-9c91-998d90180ea4",
				2
			],
			[
				"30d58be3-95ea-4282-a6e3-b159d8ebb06a",
				1
			],
			[
				"717f9ee7-e9b0-493a-88b3-91321b388107",
				16
			],
			[
				"430c4d19-7154-4970-8769-9b69df90b0e5",
				15
			],
			[
				"aafe32bd-5395-4c14-b66a-5e251032d1dd",
				1
			],
			[
				"23afe18e-4ce1-4e58-8d61-c252b953beb7",
				11
			],
			[
				"a462b7ea-f499-4e3a-99c1-ec1f8224e1b2",
				4
			],
			[
				"2eb5fdbd-01ac-4d10-8136-f38f3393a5da",
				5
			],
			[
				"509d354f-f6e6-492f-a749-85b2073c631c",
				0
			],
			[
				"b6e31b1c-d29f-11ec-857e-9f856f9970e2",
				1
			],
			[
				"4a56eb40-10f5-11dc-92d3-347eb2c96ae7",
				2
			],
			[
				"d78a4a00-e858-4697-baa8-19b5487d46b4",
				18
			],
			[
				"5579f886-933a-4c1f-83ba-087b6361b92f",
				2
			],
			[
				"612fbe52-da53-400b-910d-4f919fb1857c",
				1
			],
			[
				"a4237a36-caea-41c9-8fa2-18f858681bf3",
				5
			],
			[
				"804e3f75-7088-4b49-a4d6-8c063c7eb6dc",
				5
			],
			[
				"1ed048f4-2f2e-4c68-89d0-53a4f18f102d",
				1
			],
			[
				"fb680af2-59ef-4ba3-baa8-19b573c8443d",
				2
			],
			[
				"9950b70e-b41a-4e17-bbcc-fa0d57817fd6",
				1
			],
			[
				"ab965196-45d8-08fc-b7d7-228d78ad569e",
				1
			]
		],
		"save_game_class_name": "/Script/Pal.PalWorldPlayerSaveGame"
	},
	"properties": {
		"Version": {
			"id": null,
			"value": 100,
			"type": "IntProperty"
		},
		"Timestamp": {
			"struct_type": "DateTime",
			"struct_id": "00000000-0000-0000-0000-000000000000",
			"id": null,
			"value": 638873950730820000,
			"type": "StructProperty"
		},
		"SaveData": {
			"struct_type": "PalWorldPlayerSaveData",
			"struct_id": "00000000-0000-0000-0000-000000000000",
			"id": null,
			"value": {
				"PlayerUId": {
					"struct_type": "Guid",
					"struct_id": "00000000-0000-0000-0000-000000000000",
					"id": null,
					"value": "d38d3157-0000-0000-0000-000000000000",
					"type": "StructProperty"
				},
				"IndividualId": {
					"struct_type": "PalInstanceID",
					"struct_id": "00000000-0000-0000-0000-000000000000",
					"id": null,
					"value": {
						"PlayerUId": {
							"struct_type": "Guid",
							"struct_id": "00000000-0000-0000-0000-000000000000",
							"id": null,
							"value": "d38d3157-0000-0000-0000-000000000000",
							"type": "StructProperty"
						},
						"InstanceId": {
							"struct_type": "Guid",
							"struct_id": "00000000-0000-0000-0000-000000000000",
							"id": null,
							"value": "8b15531d-438b-61b7-b230-b3877855edc0",
							"type": "StructProperty"
						}
					},
					"type": "StructProperty"
				},
				"LastTransform": {
					"struct_type": "Transform",
					"struct_id": "00000000-0000-0000-0000-000000000000",
					"id": null,
					"value": {
						"Rotation": {
							"struct_type": "Quat",
							"struct_id": "00000000-0000-0000-0000-000000000000",
							"id": null,
							"value": {
								"x": 0.0,
								"y": -0.0,
								"z": 0.9004840275298087,
								"w": 0.43488908489831574
							},
							"type": "StructProperty"
						},
						"Translation": {
							"struct_type": "Vector",
							"struct_id": "00000000-0000-0000-0000-000000000000",
							"id": null,
							"value": {
								"x": -120213.46,
								"y": -106800.93000000001,
								"z": -1982.56
							},
							"type": "StructProperty"
						}
					},
					"type": "StructProperty"
				},
				"PlayerCharacterMakeData": {
					"struct_type": "PalPlayerDataCharacterMakeInfo",
					"struct_id": "00000000-0000-0000-0000-000000000000",
					"id": null,
					"value": {
						"BodyMeshName": {
							"id": null,
							"value": "TypeB",
							"type": "NameProperty"
						},
						"HeadMeshName": {
							"id": null,
							"value": "Type16",
							"type": "NameProperty"
						},
						"HairMeshName": {
							"id": null,
							"value": "Type8",
							"type": "NameProperty"
						},
						"LegVolume": {
							"id": null,
							"value": -0.5,
							"type": "FloatProperty"
						},
						"HairColor": {
							"struct_type": "LinearColor",
							"struct_id": "00000000-0000-0000-0000-000000000000",
							"id": null,
							"value": {
								"r": -0.00404307059943676,
								"g": 1.2669059038162231,
								"b": 0.2549319863319397,
								"a": 1.0
							},
							"type": "StructProperty"
						},
						"BrowColor": {
							"struct_type": "LinearColor",
							"struct_id": "00000000-0000-0000-0000-000000000000",
							"id": null,
							"value": {
								"r": -0.00404307059943676,
								"g": 1.2669059038162231,
								"b": 0.2549319863319397,
								"a": 1.0
							},
							"type": "StructProperty"
						},
						"BodyColor": {
							"struct_type": "LinearColor",
							"struct_id": "00000000-0000-0000-0000-000000000000",
							"id": null,
							"value": {
								"r": 0.002981143770739436,
								"g": 1.117441177368164,
								"b": 1.4259583950042725,
								"a": 1.0
							},
							"type": "StructProperty"
						},
						"BodySubsurfaceColor": {
							"struct_type": "LinearColor",
							"struct_id": "00000000-0000-0000-0000-000000000000",
							"id": null,
							"value": {
								"r": 0.8910541534423828,
								"g": 0.03607729449868202,
								"b": 0.012287605553865433,
								"a": 1.0
							},
							"type": "StructProperty"
						},
						"EyeColor": {
							"struct_type": "LinearColor",
							"struct_id": "00000000-0000-0000-0000-000000000000",
							"id": null,
							"value": {
								"r": -0.12567469477653503,
								"g": 1.4193265438079834,
								"b": 0.4960106909275055,
								"a": 1.0
							},
							"type": "StructProperty"
						},
						"EyeMaterialName": {
							"id": null,
							"value": "Type001",
							"type": "NameProperty"
						},
						"VoiceID": {
							"id": null,
							"value": 4,
							"type": "IntProperty"
						}
					},
					"type": "StructProperty"
				},
				"OtomoCharacterContainerId": {
					"struct_type": "PalContainerId",
					"struct_id": "00000000-0000-0000-0000-000000000000",
					"id": null,
					"value": {
						"ID": {
							"struct_type": "Guid",
							"struct_id": "00000000-0000-0000-0000-000000000000",
							"id": null,
							"value": "4c5211fd-4f74-1974-5b1f-a6b909cca748",
							"type": "StructProperty"
						}
					},
					"type": "StructProperty"
				},
				"InventoryInfo": {
					"struct_type": "PalPlayerDataInventoryInfo",
					"struct_id": "00000000-0000-0000-0000-000000000000",
					"id": null,
					"value": {
						"CommonContainerId": {
							"struct_type": "PalContainerId",
							"struct_id": "00000000-0000-0000-0000-000000000000",
							"id": null,
							"value": {
								"ID": {
									"struct_type": "Guid",
									"struct_id": "00000000-0000-0000-0000-000000000000",
									"id": null,
									"value": "b71dee86-494a-bac6-2c05-6b99f3e0bde7",
									"type": "StructProperty"
								}
							},
							"type": "StructProperty"
						},
						"DropSlotContainerId": {
							"struct_type": "PalContainerId",
							"struct_id": "00000000-0000-0000-0000-000000000000",
							"id": null,
							"value": {
								"ID": {
									"struct_type": "Guid",
									"struct_id": "00000000-0000-0000-0000-000000000000",
									"id": null,
									"value": "bede8d96-458d-c651-6dee-ad88a3bac44e",
									"type": "StructProperty"
								}
							},
							"type": "StructProperty"
						},
						"EssentialContainerId": {
							"struct_type": "PalContainerId",
							"struct_id": "00000000-0000-0000-0000-000000000000",
							"id": null,
							"value": {
								"ID": {
									"struct_type": "Guid",
									"struct_id": "00000000-0000-0000-0000-000000000000",
									"id": null,
									"value": "12154c22-4817-7024-bbda-8c9b5979541c",
									"type": "StructProperty"
								}
							},
							"type": "StructProperty"
						},
						"WeaponLoadOutContainerId": {
							"struct_type": "PalContainerId",
							"struct_id": "00000000-0000-0000-0000-000000000000",
							"id": null,
							"value": {
								"ID": {
									"struct_type": "Guid",
									"struct_id": "00000000-0000-0000-0000-000000000000",
									"id": null,
									"value": "127543f2-413a-91f9-6148-8795a5f624a9",
									"type": "StructProperty"
								}
							},
							"type": "StructProperty"
						},
						"PlayerEquipArmorContainerId": {
							"struct_type": "PalContainerId",
							"struct_id": "00000000-0000-0000-0000-000000000000",
							"id": null,
							"value": {
								"ID": {
									"struct_type": "Guid",
									"struct_id": "00000000-0000-0000-0000-000000000000",
									"id": null,
									"value": "cfa12d82-4c98-1947-2f63-5cb7dccad824",
									"type": "StructProperty"
								}
							},
							"type": "StructProperty"
						},
						"FoodEquipContainerId": {
							"struct_type": "PalContainerId",
							"struct_id": "00000000-0000-0000-0000-000000000000",
							"id": null,
							"value": {
								"ID": {
									"struct_type": "Guid",
									"struct_id": "00000000-0000-0000-0000-000000000000",
									"id": null,
									"value": "4a7b5364-4434-cd3c-7312-19873f3534db",
									"type": "StructProperty"
								}
							},
							"type": "StructProperty"
						}
					},
					"type": "StructProperty"
				},
				"TechnologyPoint": {
					"id": null,
					"value": 12,
					"type": "IntProperty"
				},
				"UnlockedRecipeTechnologyNames": {
					"array_type": "NameProperty",
					"id": null,
					"value": {
						"values": [
							"Workbench",
							"Product_Axe_Grade_01",
							"Product_Pickaxe_Grade_01",
							"HandTorch",
							"Battle_MeleeWeapon_Bat",
							"SkinChange",
							"GlobalPalStorage",
							"PalBox",
							"Special_PalSphere_Grade_01",
							"Product_Cooking_Grade_01",
							"Infra_ItemChest_Grade_01",
							"Battle_RangeWeapon_Bow1",
							"Arrow",
							"Battle_Cloth",
							"Shield_01",
							"Spear",
							"Battle_Armor_Grade_01_Cloth",
							"PalFoodBox",
							"Product_Farm_Berries",
							"MonsterFarm",
							"Product_WorkBench_SkillUnlock",
							"Product_StationDeforest",
							"Product_StonePit",
							"Battle_MeleeWeapon_Bat2",
							"Crusher",
							"Battle_Armor_Grade_01_Cloth_Heat",
							"Battle_Armor_Grade_01_Cloth_Cold",
							"Spa",
							"SkillUnlock_Garm",
							"Product_Ingot_Grade_01_Copper",
							"Battle_Helm_Grade_02_Fur",
							"Infra_MachineParts",
							"Product_Axe_Grade_02",
							"Product_Pickaxe_Grade_02",
							"Product_Factory_Hard_Grade_01",
							"SphereModule_Heavy",
							"SkillUnlock_Carbunclo",
							"Battle_Armor_Grade_02_Fur",
							"MeatCutterKnife",
							"Battle_RangeWeapon_BowGun",
							"Spear_2",
							"CoolerBox"
						]
					},
					"type": "ArrayProperty"
				},
				"PalStorageContainerId": {
					"struct_type": "PalContainerId",
					"struct_id": "00000000-0000-0000-0000-000000000000",
					"id": null,
					"value": {
						"ID": {
							"struct_type": "Guid",
							"struct_id": "00000000-0000-0000-0000-000000000000",
							"id": null,
							"value": "170a950d-48c0-e135-991a-45a254f329d1",
							"type": "StructProperty"
						}
					},
					"type": "StructProperty"
				},
				"RecordData": {
					"struct_type": "PalLoggedinPlayerSaveDataRecordData",
					"struct_id": "00000000-0000-0000-0000-000000000000",
					"id": null,
					"value": {
						"TribeCaptureCount": {
							"id": null,
							"value": 10,
							"type": "IntProperty"
						},
						"PalCaptureCount": {
							"key_type": "NameProperty",
							"value_type": "IntProperty",
							"key_struct_type": null,
							"value_struct_type": null,
							"id": null,
							"value": [
								{
									"key": "Sheepball",
									"value": 6
								},
								{
									"key": "ChickenPal",
									"value": 7
								},
								{
									"key": "Penguin",
									"value": 3
								},
								{
									"key": "KendoFrog",
									"value": 4
								},
								{
									"key": "FlyingManta",
									"value": 5
								},
								{
									"key": "PinkCat",
									"value": 2
								},
								{
									"key": "BluePlatypus",
									"value": 1
								},
								{
									"key": "Carbunclo",
									"value": 1
								},
								{
									"key": "FlameBambi",
									"value": 3
								},
								{
									"key": "Garm",
									"value": 4
								}
							],
							"type": "MapProperty"
						},
						"PalCaptureBonusCount": {
							"key_type": "NameProperty",
							"value_type": "IntProperty",
							"key_struct_type": null,
							"value_struct_type": null,
							"id": null,
							"value": [
								{
									"key": "Sheepball",
									"value": 6
								},
								{
									"key": "ChickenPal",
									"value": 7
								},
								{
									"key": "Penguin",
									"value": 3
								},
								{
									"key": "KendoFrog",
									"value": 4
								},
								{
									"key": "FlyingManta",
									"value": 5
								},
								{
									"key": "PinkCat",
									"value": 2
								},
								{
									"key": "BluePlatypus",
									"value": 1
								},
								{
									"key": "Carbunclo",
									"value": 1
								},
								{
									"key": "FlameBambi",
									"value": 3
								},
								{
									"key": "Garm",
									"value": 4
								}
							],
							"type": "MapProperty"
						},
						"PaldeckUnlockFlag": {
							"key_type": "NameProperty",
							"value_type": "BoolProperty",
							"key_struct_type": null,
							"value_struct_type": null,
							"id": null,
							"value": [
								{
									"key": "FlameBambi",
									"value": true
								},
								{
									"key": "Sheepball",
									"value": true
								},
								{
									"key": "ChickenPal",
									"value": true
								},
								{
									"key": "Penguin",
									"value": true
								},
								{
									"key": "KendoFrog",
									"value": true
								},
								{
									"key": "FlyingManta",
									"value": true
								},
								{
									"key": "PinkCat",
									"value": true
								},
								{
									"key": "BluePlatypus",
									"value": true
								},
								{
									"key": "Carbunclo",
									"value": true
								},
								{
									"key": "Garm",
									"value": true
								}
							],
							"type": "MapProperty"
						},
						"PalCaptureBonusExpTableIndex": {
							"id": null,
							"value": 42,
							"type": "IntProperty"
						},
						"FastTravelPointUnlockFlag": {
							"key_type": "NameProperty",
							"value_type": "BoolProperty",
							"key_struct_type": null,
							"value_struct_type": null,
							"id": null,
							"value": [
								{
									"key": "6E03F8464BAD9E458B843AA30BE1CC8F",
									"value": true
								},
								{
									"key": "41E36D9A4B2BA79A3AD1B7B83B16F77D",
									"value": true
								}
							],
							"type": "MapProperty"
						},
						"CraftItemCount": {
							"key_type": "NameProperty",
							"value_type": "IntProperty",
							"key_struct_type": null,
							"value_struct_type": null,
							"id": null,
							"value": [
								{
									"key": "Axe_Tier_00",
									"value": 2
								},
								{
									"key": "Pickaxe_Tier_00",
									"value": 2
								},
								{
									"key": "Bat",
									"value": 2
								},
								{
									"key": "Torch",
									"value": 1
								},
								{
									"key": "PalSphere",
									"value": 56
								},
								{
									"key": "Spear",
									"value": 1
								},
								{
									"key": "ClothArmor",
									"value": 2
								},
								{
									"key": "WeakerBow",
									"value": 2
								},
								{
									"key": "Arrow",
									"value": 456
								},
								{
									"key": "Shield_01",
									"value": 2
								},
								{
									"key": "Glider_Old",
									"value": 1
								},
								{
									"key": "Bat2",
									"value": 1
								},
								{
									"key": "Cloth",
									"value": 32
								},
								{
									"key": "Pal_crystal_S",
									"value": 1704
								},
								{
									"key": "SkillUnlock_Boar",
									"value": 1
								},
								{
									"key": "CopperIngot",
									"value": 424
								},
								{
									"key": "SkillUnlock_Deer",
									"value": 1
								},
								{
									"key": "SkillUnlock_Garm",
									"value": 2
								},
								{
									"key": "MachineParts",
									"value": 138
								},
								{
									"key": "Charcoal",
									"value": 2336
								},
								{
									"key": "SkillUnlock_HawkBird",
									"value": 1
								},
								{
									"key": "Spear_2",
									"value": 1
								},
								{
									"key": "BakedMeat_GrassMammoth",
									"value": 6
								},
								{
									"key": "Flour",
									"value": 174
								},
								{
									"key": "FishingRod_01_1",
									"value": 1
								},
								{
									"key": "FishingBait_1",
									"value": 10
								},
								{
									"key": "SkillUnlock_DrillGame",
									"value": 1
								},
								{
									"key": "AutoMealPouch_Tier1",
									"value": 1
								},
								{
									"key": "Lantern",
									"value": 1
								},
								{
									"key": "JamBun",
									"value": 112
								},
								{
									"key": "CopperArmor",
									"value": 1
								},
								{
									"key": "CopperHelmet",
									"value": 1
								},
								{
									"key": "Shield_02",
									"value": 1
								},
								{
									"key": "SkillUnlock_BirdDragon",
									"value": 1
								},
								{
									"key": "BowGun",
									"value": 1
								}
							],
							"type": "MapProperty"
						},
						"FindAreaFlagMap": {
							"key_type": "NameProperty",
							"value_type": "BoolProperty",
							"key_struct_type": null,
							"value_struct_type": null,
							"id": null,
							"value": [
								{
									"key": "Grass_001",
									"value": true
								},
								{
									"key": "PvPIsland_002",
									"value": true
								}
							],
							"type": "MapProperty"
						},
						"AreaBonusExpTableIndex": {
							"id": null,
							"value": 2,
							"type": "IntProperty"
						},
						"CompletedEmoteNPCIDArray": {
							"array_type": "StructProperty",
							"id": null,
							"value": {
								"prop_name": "CompletedEmoteNPCIDArray",
								"prop_type": "StructProperty",
								"values": [
									"c4d84287-4774-8102-98df-d4962336854e"
								],
								"type_name": "Guid",
								"id": "00000000-0000-0000-0000-000000000000"
							},
							"type": "ArrayProperty"
						},
						"NPCTalkCountMap": {
							"key_type": "NameProperty",
							"value_type": "IntProperty",
							"key_struct_type": null,
							"value_struct_type": null,
							"id": null,
							"value": [
								{
									"key": "904C55D64A3780944F2FA19BB427D8AF",
									"value": 1
								}
							],
							"type": "MapProperty"
						}
					},
					"type": "StructProperty"
				},
				"SkinInventoryInfo": {
					"struct_type": "PalSkinInventoryInfo",
					"struct_id": "00000000-0000-0000-0000-000000000000",
					"id": null,
					"value": {
						"InGameData": {
							"array_type": "StructProperty",
							"id": null,
							"value": {
								"prop_name": "InGameData",
								"prop_type": "StructProperty",
								"values": [
									{
										"SkinName": {
											"id": null,
											"value": "PinkCat_Skin001",
											"type": "NameProperty"
										},
										"Num": {
											"id": null,
											"value": 1,
											"type": "IntProperty"
										}
									},
									{
										"SkinName": {
											"id": null,
											"value": "WeaselDragon_Skin001",
											"type": "NameProperty"
										},
										"Num": {
											"id": null,
											"value": 1,
											"type": "IntProperty"
										}
									},
									{
										"SkinName": {
											"id": null,
											"value": "LazyDragon_Skin001",
											"type": "NameProperty"
										},
										"Num": {
											"id": null,
											"value": 1,
											"type": "IntProperty"
										}
									},
									{
										"SkinName": {
											"id": null,
											"value": "SkyDragon_Skin001",
											"type": "NameProperty"
										},
										"Num": {
											"id": null,
											"value": 1,
											"type": "IntProperty"
										}
									},
									{
										"SkinName": {
											"id": null,
											"value": "PlantSlime_Skin001",
											"type": "NameProperty"
										},
										"Num": {
											"id": null,
											"value": 1,
											"type": "IntProperty"
										}
									},
									{
										"SkinName": {
											"id": null,
											"value": "Penguin_Skin001",
											"type": "NameProperty"
										},
										"Num": {
											"id": null,
											"value": 1,
											"type": "IntProperty"
										}
									},
									{
										"SkinName": {
											"id": null,
											"value": "NegativeKoala_Skin001",
											"type": "NameProperty"
										},
										"Num": {
											"id": null,
											"value": 1,
											"type": "IntProperty"
										}
									},
									{
										"SkinName": {
											"id": null,
											"value": "CatMage_Skin001",
											"type": "NameProperty"
										},
										"Num": {
											"id": null,
											"value": 1,
											"type": "IntProperty"
										}
									},
									{
										"SkinName": {
											"id": null,
											"value": "JetDragon_Skin001",
											"type": "NameProperty"
										},
										"Num": {
											"id": null,
											"value": 1,
											"type": "IntProperty"
										}
									},
									{
										"SkinName": {
											"id": null,
											"value": "WeaselDragon_Skin002",
											"type": "NameProperty"
										},
										"Num": {
											"id": null,
											"value": 1,
											"type": "IntProperty"
										}
									},
									{
										"SkinName": {
											"id": null,
											"value": "Anubis_Skin001",
											"type": "NameProperty"
										},
										"Num": {
											"id": null,
											"value": 1,
											"type": "IntProperty"
										}
									},
									{
										"SkinName": {
											"id": null,
											"value": "IceHorse_Skin002",
											"type": "NameProperty"
										},
										"Num": {
											"id": null,
											"value": 1,
											"type": "IntProperty"
										}
									},
									{
										"SkinName": {
											"id": null,
											"value": "BlackGriffon_Skin001",
											"type": "NameProperty"
										},
										"Num": {
											"id": null,
											"value": 1,
											"type": "IntProperty"
										}
									},
									{
										"SkinName": {
											"id": null,
											"value": "PinkCat_Skin003",
											"type": "NameProperty"
										},
										"Num": {
											"id": null,
											"value": 1,
											"type": "IntProperty"
										}
									},
									{
										"SkinName": {
											"id": null,
											"value": "KendoFrog_Skin001",
											"type": "NameProperty"
										},
										"Num": {
											"id": null,
											"value": 1,
											"type": "IntProperty"
										}
									},
									{
										"SkinName": {
											"id": null,
											"value": "WeaselDragon_Fire_Skin002",
											"type": "NameProperty"
										},
										"Num": {
											"id": null,
											"value": 1,
											"type": "IntProperty"
										}
									},
									{
										"SkinName": {
											"id": null,
											"value": "PinkCat_Skin004",
											"type": "NameProperty"
										},
										"Num": {
											"id": null,
											"value": 1,
											"type": "IntProperty"
										}
									},
									{
										"SkinName": {
											"id": null,
											"value": "WeaselDragon_Skin003",
											"type": "NameProperty"
										},
										"Num": {
											"id": null,
											"value": 1,
											"type": "IntProperty"
										}
									},
									{
										"SkinName": {
											"id": null,
											"value": "WeaselDragon_Fire_Skin003",
											"type": "NameProperty"
										},
										"Num": {
											"id": null,
											"value": 1,
											"type": "IntProperty"
										}
									},
									{
										"SkinName": {
											"id": null,
											"value": "LilyQueen_Skin002",
											"type": "NameProperty"
										},
										"Num": {
											"id": null,
											"value": 1,
											"type": "IntProperty"
										}
									},
									{
										"SkinName": {
											"id": null,
											"value": "LilyQueen_Dark_Skin002",
											"type": "NameProperty"
										},
										"Num": {
											"id": null,
											"value": 1,
											"type": "IntProperty"
										}
									},
									{
										"SkinName": {
											"id": null,
											"value": "WeaselDragon_Skin004",
											"type": "NameProperty"
										},
										"Num": {
											"id": null,
											"value": 1,
											"type": "IntProperty"
										}
									}
								],
								"type_name": "PalSkinInGameItemData",
								"id": "00000000-0000-0000-0000-000000000000"
							},
							"type": "ArrayProperty"
						}
					},
					"type": "StructProperty"
				},
				"bIsSelectedInitMapPoint": {
					"value": true,
					"id": null,
					"type": "BoolProperty"
				},
				"CompletedQuestArray": {
					"array_type": "NameProperty",
					"id": null,
					"value": {
						"values": [
							"Main_UnlockFastTravel",
							"Main_PickupWood",
							"Main_GainStatus",
							"Main_BuildWorkBench",
							"Main_UnlockPalSphere",
							"Main_CollectCrystal",
							"Main_CraftPalSphere",
							"Main_CapturePal",
							"Main_UnlockPalBox",
							"Main_BuildPalBox",
							"Main_WorkerPal"
						]
					},
					"type": "ArrayProperty"
				}
			},
			"type": "StructProperty"
		}
	},
	"trailer": "AAAAAA=="
}