{
	"header": {
		"magic": 1396790855,
		"save_game_version": 3,
		"package_file_version_ue4": 522,
		"package_file_version_ue5": 1008,
		"engine_version_major": 5,
		"engine_version_minor": 1,
		"engine_version_patch": 1,
		"engine_version_changelist": 0,
		"engine_version_branch": "++UE5+Release-5.1",
		"custom_version_format": 3,
		"custom_versions": [
			[
				"40d2fba7-4b48-4ce5-b038-5a75884e499e",
				7
			],
			[
				"fcf57afa-5076-4283-b9a9-e658ffa02d32",
				76
			],
			[
				"0925477b-763d-4001-9d91-d6730b75b411",
				1
			],
			[
				"4288211b-4548-16c6-1a76-67b2507a2a00",
				1
			],
			[
				"1ab9cecc-0000-6913-0000-4875203d51fb",
				101
			],
			[
				"4cef9221-470e-d43a-7e60-3d8c16995726",
				1
			],
			[
				"a1c4d3f6-5b2e-7a8d-9f6e-4b3cd7e1a8b2",
				0
			],
			[
				"3a1f7b2e-7b9d-6e8c-4c2a-9f1d85b3e4f1",
				1
			],
			[
				"134a157e-d5e2-49a3-8d4e-843c98fe9e31",
				1
			],
			[
				"e2717c7e-52f5-44d3-950c-5340b315035e",
				9
			],
			[
				"11310aed-2e55-4d61-af67-9aa3c5a1082c",
				17
			],
			[
				"a7820cfb-20a7-4359-8c54-2c149623cf50",
				21
			],
			[
				"f6dfbb78-bb50-a0e4-4018-b84d60cbaf23",
				2
			],
			[
				"24bb7af3-5646-4f83-1f2f-2dc249ad96ff",
				5
			],
			[
				"76a52329-0923-45b5-98ae-d841cf2f6ad8",
				5
			],
			[
				"5fbc6907-55c8-40ae-8e67-f1845efff13f",
				1
			],
			[
				"82e77c4e-3323-43a5-b46b-13c597310df3",
				0
			],
			[
				"7f3847e4-5ec8-4e9a-84e8-a69aad16bc39",
				1
			],
			[
				"fb3a59e2-445e-403f-aaab-d5e4d2ee1e01",
				1
			],
			[
				"00000000-0000-0000-0000-000000000000",
				1
			],
			[
				"12eab47e-ff5a-1b9a-bc71-aa710ed633df",
				1
			],
			[
				"636f6bc2-d5c4-4ed9-993a-c408419e8b62",
				1
			],
			[
				"841d9449-4ba8-258a-7596-6e80dc37f5bf",
				1
			],
			[
				"47ee66dc-9946-43d1-8de8-cd6b822a949a",
				1
			],
			[
				"c82548a0-8e5c-4a06-bcea-e2b521b58851",
				2
			],
			[
				"0ffcf66c-1190-4899-b160-9cf84a46475e",
				1
			],
			[
				"de000b38-ced7-4949-992d-df9769c3c1c0",
				1
			],
			[
				"c75f4992-ff2c-4dc3-816c-d6796dea8981",
				1
			],
			[
				"03c025d9-d888-4ef2-b0fa-87136ae606c7",
				1
			],
			[
				"9c54d522-a826-4fbe-9421-074661b482d0",
				44
			],
			[
				"b0d832e4-1f89-4f0d-accf-7eb736fd4aa2",
				10
			],
			[
				"e1c64328-a22c-4d53-a36c-8e866417bd8c",
				0
			],
			[
				"375ec13c-06e4-48fb-b500-84f0262a717e",
				4
			],
			[
				"e4b068ed-f494-42e9-a231-da0b2e46bb41",
				40
			],
			[
				"cffc743f-43b0-4480-9391-14df171d2073",
				37
			],
			[
				"b02b49b5-bb20-44e9-a304-32b752e40360",
				3
			],
			[
				"a4e4105c-59a1-49b5-a7c5-40c4547edfee",
				0
			],
			[
				"39c831c9-5ae6-47dc-9a44-9c173e1c8e7c",
				0
			],
			[
				"78f01b33-ebea-4f98-b9b4-84eaccb95aa2",
				20
			],
			[
				"6631380f-2d4d-43e0-8009-cf276956a95a",
				0
			],
			[
				"12f88b9f-8875-4afc-a67c-d90c383abd29",
				45
			],
			[
				"7b5ae74c-d270-4c10-a958-57980b212a5a",
				13
			],
			[
				"d7296918-1dd6-4bdd-9de2-64a83cc13884",
				3
			],
			[
				"c2a15278-bfe7-4afe-6c17-90ff531df755",
				1
			],
			[
				"6eaca3d4-40ec-4cc1-b786-8bed09428fc5",
				3
			],
			[
				"29e575dd-e0a3-4627-9d10-d276232cdcea",
				17
			],
			[
				"af43a65d-7fd3-4947-9873-3e8ed9c1bb05",
				15
			],
			[
				"6b266cec-1ec7-4b8f-a30b-e4d90942fc07",
				1
			],
			[
				"0df73d61-a23f-47ea-b727-89e90c41499a",
				1
			],
			[
				"601d1886-ac64-4f84-aa16-d3de0deac7d6",
				80
			],
			[
				"5b4c06b7-2463-4af8-805b-bf70cdf5d0dd",
				10
			],
			[
				"e7086368-6b23-4c58-8439-1b7016265e91",
				4
			],
			[
				"9dffbcd6-494f-0158-e221-12823c92a888",
				10
			],
			[
				"f2aed0ac-9afe-416f-8664-aa7ffa26d6fc",
				1
			],
			[
				"174f1f0b-b4c6-45a5-b13f-2ee8d0fb917d",
				10
			],
			[
				"35f94a83-e258-406c-a318-09f59610247c",
				41
			],
			[
				"b68fc16e-8b1b-42e2-b453-215c058844fe",
				1
			],
			[
				"b2e18506-4273-cfc2-a54e-f4bb758bba07",
				1
			],
			[
				"64f58936-fd1b-42ba-ba96-7289d5d0fa4e",
				1
			],
			[
				"697dd581-e64f-41ab-aa4a-51ecbeb7b628",
				88
			],
			[
				"d89b5e42-24bd-4d46-8412-aca8df641779",
				41
			],
			[
				"59da5d52-1232-4948-b878-597870b8e98b",
				8
			],
			[
				"26075a32-730f-4708-88e9-8c32f1599d05",
				0
			],
			[
				"6f0ed827-a609-4895-9c91-998d90180ea4",
				2
			],
			[
				"30d58be3-95ea-4282-a6e3-b159d8ebb06a",
				1
			],
			[
				"717f9ee7-e9b0-493a-88b3-91321b388107",
				16
			],
			[
				"430c4d19-7154-4970-8769-9b69df90b0e5",
				15
			],
			[
				"aafe32bd-5395-4c14-b66a-5e251032d1dd",
				1
			],
			[
				"23afe18e-4ce1-4e58-8d61-c252b953beb7",
				11
			],
			[
				"a462b7ea-f499-4e3a-99c1-ec1f8224e1b2",
				4
			],
			[
				"2eb5fdbd-01ac-4d10-8136-f38f3393a5da",
				5
			],
			[
				"509d354f-f6e6-492f-a749-85b2073c631c",
				0
			],
			[
				"b6e31b1c-d29f-11ec-857e-9f856f9970e2",
				1
			],
			[
				"4a56eb40-10f5-11dc-92d3-347eb2c96ae7",
				2
			],
			[
				"d78a4a00-e858-4697-baa8-19b5487d46b4",
				18
			],
			[
				"5579f886-933a-4c1f-83ba-087b6361b92f",
				2
			],
			[
				"612fbe52-da53-400b-910d-4f919fb1857c",
				1
			],
			[
				"a4237a36-caea-41c9-8fa2-18f858681bf3",
				5
			],
			[
				"804e3f75-7088-4b49-a4d6-8c063c7eb6dc",
				5
			],
			[
				"1ed048f4-2f2e-4c68-89d0-53a4f18f102d",
				1
			],
			[
				"fb680af2-59ef-4ba3-baa8-19b573c8443d",
				2
			],
			[
				"9950b70e-b41a-4e17-bbcc-fa0d57817fd6",
				1
			],
			[
				"ab965196-45d8-08fc-b7d7-228d78ad569e",
				1
			]
		],
		"save_game_class_name": "/Script/Pal.PalWorldPlayerSaveGame"
	},
	"properties": {
		"Version": {
			"id": null,
			"value": 100,
			"type": "IntProperty"
		},
		"Timestamp": {
			"struct_type": "DateTime",
			"struct_id": "00000000-0000-0000-0000-000000000000",
			"id": null,
			"value": 638873950730820000,
			"type": "StructProperty"
		},
		"SaveData": {
			"struct_type": "PalWorldPlayerSaveData",
			"struct_id": "00000000-0000-0000-0000-000000000000",
			"id": null,
			"value": {
				"PlayerUId": {
					"struct_type": "Guid",
					"struct_id": "00000000-0000-0000-0000-000000000000",
					"id": null,
					"value": "f0d6394d-0000-0000-0000-000000000000",
					"type": "StructProperty"
				},
				"IndividualId": {
					"struct_type": "PalInstanceID",
					"struct_id": "00000000-0000-0000-0000-000000000000",
					"id": null,
					"value": {
						"PlayerUId": {
							"struct_type": "Guid",
							"struct_id": "00000000-0000-0000-0000-000000000000",
							"id": null,
							"value": "f0d6394d-0000-0000-0000-000000000000",
							"type": "StructProperty"
						},
						"InstanceId": {
							"struct_type": "Guid",
							"struct_id": "00000000-0000-0000-0000-000000000000",
							"id": null,
							"value": "b733b4ca-4577-2ec3-9ed6-47aac5b86964",
							"type": "StructProperty"
						}
					},
					"type": "StructProperty"
				},
				"LastTransform": {
					"struct_type": "Transform",
					"struct_id": "00000000-0000-0000-0000-000000000000",
					"id": null,
					"value": {
						"Rotation": {
							"struct_type": "Quat",
							"struct_id": "00000000-0000-0000-0000-000000000000",
							"id": null,
							"value": {
								"x": 0.0,
								"y": -0.0,
								"z": 0.8200491489201929,
								"w": 0.5722931009153154
							},
							"type": "StructProperty"
						},
						"Translation": {
							"struct_type": "Vector",
							"struct_id": "00000000-0000-0000-0000-000000000000",
							"id": null,
							"value": {
								"x": -141453.51,
								"y": 244322.27000000002,
								"z": 14716.710000000001
							},
							"type": "StructProperty"
						}
					},
					"type": "StructProperty"
				},
				"PlayerCharacterMakeData": {
					"struct_type": "PalPlayerDataCharacterMakeInfo",
					"struct_id": "00000000-0000-0000-0000-000000000000",
					"id": null,
					"value": {
						"BodyMeshName": {
							"id": null,
							"value": "TypeA",
							"type": "NameProperty"
						},
						"HeadMeshName": {
							"id": null,
							"value": "Type11",
							"type": "NameProperty"
						},
						"HairMeshName": {
							"id": null,
							"value": "Type28",
							"type": "NameProperty"
						},
						"ArmVolume": {
							"id": null,
							"value": -0.40643274784088135,
							"type": "FloatProperty"
						},
						"TorsoVolume": {
							"id": null,
							"value": -0.13157892227172852,
							"type": "FloatProperty"
						},
						"LegVolume": {
							"id": null,
							"value": -0.6052631139755249,
							"type": "FloatProperty"
						},
						"HairColor": {
							"struct_type": "LinearColor",
							"struct_id": "00000000-0000-0000-0000-000000000000",
							"id": null,
							"value": {
								"r": -0.5281065106391907,
								"g": 1.7000000476837158,
								"b": 0.7195556163787842,
								"a": 1.0
							},
							"type": "StructProperty"
						},
						"BrowColor": {
							"struct_type": "LinearColor",
							"struct_id": "00000000-0000-0000-0000-000000000000",
							"id": null,
							"value": {
								"r": -0.6464496850967407,
								"g": 0.988313615322113,
								"b": 1.7000000476837158,
								"a": 1.0
							},
							"type": "StructProperty"
						},
						"BodyColor": {
							"struct_type": "LinearColor",
							"struct_id": "00000000-0000-0000-0000-000000000000",
							"id": null,
							"value": {
								"r": -0.0013103067176416516,
								"g": 0.596005916595459,
								"b": 1.6220414638519287,
								"a": 1.0
							},
							"type": "StructProperty"
						},
						"BodySubsurfaceColor": {
							"struct_type": "LinearColor",
							"struct_id": "00000000-0000-0000-0000-000000000000",
							"id": null,
							"value": {
								"r": 1.491848111152649,
								"g": 0.38970887660980225,
								"b": 0.2653357684612274,
								"a": 1.0
							},
							"type": "StructProperty"
						},
						"EyeColor": {
							"struct_type": "LinearColor",
							"struct_id": "00000000-0000-0000-0000-000000000000",
							"id": null,
							"value": {
								"r": -0.0544901117682457,
								"g": 1.3812497854232788,
								"b": 0.7703125476837158,
								"a": 1.0
							},
							"type": "StructProperty"
						},
						"EyeMaterialName": {
							"id": null,
							"value": "Type001",
							"type": "NameProperty"
						},
						"VoiceID": {
							"id": null,
							"value": 1,
							"type": "IntProperty"
						}
					},
					"type": "StructProperty"
				},
				"OtomoCharacterContainerId": {
					"struct_type": "PalContainerId",
					"struct_id": "00000000-0000-0000-0000-000000000000",
					"id": null,
					"value": {
						"ID": {
							"struct_type": "Guid",
							"struct_id": "00000000-0000-0000-0000-000000000000",
							"id": null,
							"value": "ffc9b5cc-4461-7289-913d-8c97b0b67a50",
							"type": "StructProperty"
						}
					},
					"type": "StructProperty"
				},
				"OtomoOrder": {
					"id": null,
					"value": {
						"type": "EPalOtomoPalOrderType",
						"value": "EPalOtomoPalOrderType::Warlike"
					},
					"type": "EnumProperty"
				},
				"InventoryInfo": {
					"struct_type": "PalPlayerDataInventoryInfo",
					"struct_id": "00000000-0000-0000-0000-000000000000",
					"id": null,
					"value": {
						"CommonContainerId": {
							"struct_type": "PalContainerId",
							"struct_id": "00000000-0000-0000-0000-000000000000",
							"id": null,
							"value": {
								"ID": {
									"struct_type": "Guid",
									"struct_id": "00000000-0000-0000-0000-000000000000",
									"id": null,
									"value": "204a4e4a-4193-6b2c-eb6d-f4b19d0afab7",
									"type": "StructProperty"
								}
							},
							"type": "StructProperty"
						},
						"DropSlotContainerId": {
							"struct_type": "PalContainerId",
							"struct_id": "00000000-0000-0000-0000-000000000000",
							"id": null,
							"value": {
								"ID": {
									"struct_type": "Guid",
									"struct_id": "00000000-0000-0000-0000-000000000000",
									"id": null,
									"value": "42ec7a19-42e4-c48b-aed6-a1b3df0c475c",
									"type": "StructProperty"
								}
							},
							"type": "StructProperty"
						},
						"EssentialContainerId": {
							"struct_type": "PalContainerId",
							"struct_id": "00000000-0000-0000-0000-000000000000",
							"id": null,
							"value": {
								"ID": {
									"struct_type": "Guid",
									"struct_id": "00000000-0000-0000-0000-000000000000",
									"id": null,
									"value": "b210b390-466c-ff67-ea64-738bf6284bdf",
									"type": "StructProperty"
								}
							},
							"type": "StructProperty"
						},
						"WeaponLoadOutContainerId": {
							"struct_type": "PalContainerId",
							"struct_id": "00000000-0000-0000-0000-000000000000",
							"id": null,
							"value": {
								"ID": {
									"struct_type": "Guid",
									"struct_id": "00000000-0000-0000-0000-000000000000",
									"id": null,
									"value": "f5839c1f-4f88-80f8-8278-63a954e49dc3",
									"type": "StructProperty"
								}
							},
							"type": "StructProperty"
						},
						"PlayerEquipArmorContainerId": {
							"struct_type": "PalContainerId",
							"struct_id": "00000000-0000-0000-0000-000000000000",
							"id": null,
							"value": {
								"ID": {
									"struct_type": "Guid",
									"struct_id": "00000000-0000-0000-0000-000000000000",
									"id": null,
									"value": "bac4f395-4c10-0175-a9a3-b7abfa920021",
									"type": "StructProperty"
								}
							},
							"type": "StructProperty"
						},
						"FoodEquipContainerId": {
							"struct_type": "PalContainerId",
							"struct_id": "00000000-0000-0000-0000-000000000000",
							"id": null,
							"value": {
								"ID": {
									"struct_type": "Guid",
									"struct_id": "00000000-0000-0000-0000-000000000000",
									"id": null,
									"value": "73a45518-43b6-7ed7-95e6-3bb9b7d9830a",
									"type": "StructProperty"
								}
							},
							"type": "StructProperty"
						},
						"LanternEquipData": {
							"struct_type": "PalPlayerDataEquipLanternData",
							"struct_id": "00000000-0000-0000-0000-000000000000",
							"id": null,
							"value": {
								"EquipLanternItemId": {
									"id": null,
									"value": "Lantern",
									"type": "NameProperty"
								},
								"EquipType": {
									"id": null,
									"value": {
										"type": "EPalPlayerEquipLantern",
										"value": "EPalPlayerEquipLantern::Auto"
									},
									"type": "EnumProperty"
								}
							},
							"type": "StructProperty"
						}
					},
					"type": "StructProperty"
				},
				"TechnologyPoint": {
					"id": null,
					"value": 11,
					"type": "IntProperty"
				},
				"bossTechnologyPoint": {
					"id": null,
					"value": 4,
					"type": "IntProperty"
				},
				"UnlockedRecipeTechnologyNames": {
					"array_type": "NameProperty",
					"id": null,
					"value": {
						"values": [
							"Workbench",
							"Product_Axe_Grade_01",
							"Product_Pickaxe_Grade_01",
							"HandTorch",
							"Battle_MeleeWeapon_Bat",
							"SkinChange",
							"GlobalPalStorage",
							"PalBox",
							"Special_PalSphere_Grade_01",
							"Product_Cooking_Grade_01",
							"Infra_ItemChest_Grade_01",
							"Wooden_houseset",
							"Battle_RangeWeapon_Bow1",
							"Arrow",
							"Infra_PlayerBed_Grade_01",
							"Infra_PalBed_Grade_01",
							"RepairKit",
							"Battle_Cloth",
							"Shield_01",
							"Spear",
							"Battle_Armor_Grade_01_Cloth",
							"PalFoodBox",
							"BaseCampBattleDirector",
							"Product_Farm_Berries",
							"MonsterFarm",
							"Battle_Glider_Grade_01",
							"Product_WorkBench_SkillUnlock",
							"SkillUnlock_Kitsunebi",
							"Product_StationDeforest",
							"Product_StonePit",
							"Signboard",
							"Battle_MeleeWeapon_Bat2",
							"Crusher",
							"Arrow_Poison",
							"SkillUnlock_DreamDemon",
							"Battle_Armor_Grade_01_Cloth_Cold",
							"Spa",
							"Battle_RangeWeapon_Bow3",
							"Product_Ingot_Grade_01_Copper",
							"Battle_Helm_Grade_02_Fur",
							"Infra_MachineParts",
							"AutoMealPouch_Tier1",
							"Product_Axe_Grade_02",
							"Product_Pickaxe_Grade_02",
							"Product_Factory_Hard_Grade_01",
							"SphereModule_Heavy",
							"Battle_Armor_Grade_02_Fur",
							"MeatCutterKnife",
							"Product_Medicine_Grade_01",
							"SkillUnlock_Deer",
							"Battle_RangeWeapon_BowGun",
							"Spear_2",
							"ManualElectricGenerator",
							"DamagedScarecrow",
							"Special_PalSphere_Grade_02",
							"Special_SphereFactory_Black_Grade_01",
							"BaseCampWorkHard",
							"FishingSet1",
							"Expedition",
							"Product_Farm_wheat",
							"FlourMill",
							"Lantern",
							"Shield_02",
							"Infra_ItemChest_Grade_02",
							"Unlock_Picking_Tier1",
							"Battle_RangeWeapon_BowGun_Poison",
							"Product_Cooking_Grade_02",
							"Headstone",
							"SkillUnlock_Penguin",
							"Battle_Glider_Grade_02",
							"Battle_Armor_Grade_02_Fur_Cold",
							"Stone_houseset",
							"Accessory_Nonkilling",
							"Cement",
							"WallSignboard",
							"SkillUnlock_FlowerDinosaur",
							"SkillUnlock_DrillGame",
							"Special_PalSphere_Grade_03",
							"Product_WeaponFactory_Dirty_Grade_01",
							"DimensionPalStorage",
							"Product_Farm_tomato",
							"SkillUnlock_KingAlpaca",
							"ElecBaton",
							"FishingBait_2",
							"Trap_LegHold_Big",
							"Homeward",
							"Battle_Armor_Grade_03_Copper",
							"Battle_Helm_Grade_03_Copper",
							"SphereModule_Curve",
							"SkillUnlock_Eagle",
							"Infra_PalBed_Grade_02",
							"PalMedicineBox",
							"Battle_Armor_Grade_03_Copper_Heat",
							"Product_Farm_Lettuce",
							"Infra_ElectricGenerator_Grade_01",
							"Lamp",
							"Special_PalSphere_Grade_04",
							"Special_SphereFactory_Black_Grade_02",
							"Battle_Armor_Grade_03_Copper_Cold",
							"CeilingLamp",
							"AdditionalInventory_001",
							"Battle_RangeWeapon_HandGun",
							"HandgunBullet",
							"Shield_03",
							"Product_Factory_Hard_Grade_02",
							"Accessory_JumpPower_Increase",
							"Lantern_High",
							"Metal_houseset",
							"YakushimaBlade",
							"SphereModule_Sniper",
							"Battle_RangeWeapon_CompoundBow",
							"ReinforcedArrow",
							"PalHealingGrenade",
							"Product_WeaponFactory_Dirty_Grade_02",
							"Product_Farm_Carrot",
							"BaseCampWorkerExtraStation",
							"FurnitureSet_1",
							"FurnitureSet_3",
							"FurnitureSet_21"
						]
					},
					"type": "ArrayProperty"
				},
				"PalStorageContainerId": {
					"struct_type": "PalContainerId",
					"struct_id": "00000000-0000-0000-0000-000000000000",
					"id": null,
					"value": {
						"ID": {
							"struct_type": "Guid",
							"struct_id": "00000000-0000-0000-0000-000000000000",
							"id": null,
							"value": "2c020af1-441c-4b4d-810a-06b5bf5a9bb7",
							"type": "StructProperty"
						}
					},
					"type": "StructProperty"
				},
				"RecordData": {
					"struct_type": "PalLoggedinPlayerSaveDataRecordData",
					"struct_id": "00000000-0000-0000-0000-000000000000",
					"id": null,
					"value": {
						"TowerBossDefeatFlag": {
							"key_type": "NameProperty",
							"value_type": "BoolProperty",
							"key_struct_type": null,
							"value_struct_type": null,
							"id": null,
							"value": [
								{
									"key": "BOSS_BATTLE_NAME_GrassBoss",
									"value": true
								},
								{
									"key": "BOSS_BATTLE_NAME_ForestBoss",
									"value": true
								}
							],
							"type": "MapProperty"
						},
						"TowerBossDefeatCount": {
							"key_type": "NameProperty",
							"value_type": "IntProperty",
							"key_struct_type": null,
							"value_struct_type": null,
							"id": null,
							"value": [
								{
									"key": "GrassBoss_Normal",
									"value": 2
								},
								{
									"key": "ForestBoss_Normal",
									"value": 1
								}
							],
							"type": "MapProperty"
						},
						"NormalBossDefeatFlag": {
							"key_type": "NameProperty",
							"value_type": "BoolProperty",
							"key_struct_type": null,
							"value_struct_type": null,
							"id": null,
							"value": [
								{
									"key": "81_1_grass_FBOSS_2",
									"value": true
								},
								{
									"key": "81_1_forest_FBOSS_2",
									"value": true
								},
								{
									"key": "81_1_forest_FBOSS_1",
									"value": true
								},
								{
									"key": "81_1_forest_FBOSS_7",
									"value": true
								},
								{
									"key": "81_1_grass_FBOSS_1",
									"value": true
								},
								{
									"key": "81_1_grass_FBOSS_20",
									"value": true
								},
								{
									"key": "1_10_plain_F_Boss_FairyDragon",
									"value": true
								},
								{
									"key": "81_1_grass_FBOSS_9",
									"value": true
								},
								{
									"key": "81_1_forest_FBOSS_5",
									"value": true
								},
								{
									"key": "81_1_forest_FBOSS_3",
									"value": true
								},
								{
									"key": "81_1_forest_FBOSS_4",
									"value": true
								},
								{
									"key": "81_1_grass_FBOSS_10",
									"value": true
								}
							],
							"type": "MapProperty"
						},
						"TribeCaptureCount": {
							"id": null,
							"value": 49,
							"type": "IntProperty"
						},
						"PalCaptureCount": {
							"key_type": "NameProperty",
							"value_type": "IntProperty",
							"key_struct_type": null,
							"value_struct_type": null,
							"id": null,
							"value": [
								{
									"key": "DreamDemon",
									"value": 2
								},
								{
									"key": "WizardOwl",
									"value": 3
								},
								{
									"key": "PinkCat",
									"value": 1
								},
								{
									"key": "ChickenPal",
									"value": 2
								},
								{
									"key": "Sheepball",
									"value": 6
								},
								{
									"key": "CatBat",
									"value": 1
								},
								{
									"key": "Deer",
									"value": 3
								},
								{
									"key": "Penguin",
									"value": 6
								},
								{
									"key": "PlantSlime",
									"value": 3
								},
								{
									"key": "Kitsunebi",
									"value": 1
								},
								{
									"key": "ElecCat",
									"value": 6
								},
								{
									"key": "Human",
									"value": 4
								},
								{
									"key": "NegativeKoala",
									"value": 3
								},
								{
									"key": "WoolFox",
									"value": 1
								},
								{
									"key": "FlowerDinosaur",
									"value": 1
								},
								{
									"key": "Alpaca",
									"value": 1
								},
								{
									"key": "KingAlpaca",
									"value": 1
								},
								{
									"key": "BerryGoat",
									"value": 1
								},
								{
									"key": "Ganesha",
									"value": 1
								},
								{
									"key": "ColorfulBird",
									"value": 1
								},
								{
									"key": "MopKing",
									"value": 2
								},
								{
									"key": "MopBaby",
									"value": 3
								},
								{
									"key": "BluePlatypus",
									"value": 1
								},
								{
									"key": "CuteButterfly",
									"value": 1
								},
								{
									"key": "Eagle",
									"value": 1
								},
								{
									"key": "LittleBriarRose",
									"value": 1
								},
								{
									"key": "RobinHood",
									"value": 1
								},
								{
									"key": "HadesBird",
									"value": 1
								},
								{
									"key": "Gorilla",
									"value": 2
								},
								{
									"key": "DrillGame",
									"value": 5
								},
								{
									"key": "HerculesBeetle",
									"value": 3
								},
								{
									"key": "LavaGirl",
									"value": 1
								},
								{
									"key": "SharkKid",
									"value": 4
								},
								{
									"key": "Carbunclo",
									"value": 1
								},
								{
									"key": "DarkAlien",
									"value": 1
								},
								{
									"key": "FlowerDoll",
									"value": 1
								},
								{
									"key": "FairyDragon",
									"value": 1
								},
								{
									"key": "GrassMammoth",
									"value": 1
								},
								{
									"key": "CuteMole",
									"value": 1
								},
								{
									"key": "Bastet",
									"value": 1
								},
								{
									"key": "MimicDog",
									"value": 2
								},
								{
									"key": "CaptainPenguin",
									"value": 1
								},
								{
									"key": "JetDragon",
									"value": 2
								},
								{
									"key": "WhiteMoth",
									"value": 1
								},
								{
									"key": "RaijinDaughter",
									"value": 1
								},
								{
									"key": "VioletFairy",
									"value": 1
								},
								{
									"key": "FlowerDinosaur_Electric",
									"value": 1
								},
								{
									"key": "ThunderDog",
									"value": 3
								},
								{
									"key": "SkyDragon",
									"value": 1
								},
								{
									"key": "Werewolf",
									"value": 1
								}
							],
							"type": "MapProperty"
						},
						"PalCaptureBonusCount": {
							"key_type": "NameProperty",
							"value_type": "IntProperty",
							"key_struct_type": null,
							"value_struct_type": null,
							"id": null,
							"value": [
								{
									"key": "DreamDemon",
									"value": 2
								},
								{
									"key": "WizardOwl",
									"value": 3
								},
								{
									"key": "PinkCat",
									"value": 1
								},
								{
									"key": "ChickenPal",
									"value": 2
								},
								{
									"key": "Sheepball",
									"value": 6
								},
								{
									"key": "CatBat",
									"value": 1
								},
								{
									"key": "Deer",
									"value": 3
								},
								{
									"key": "Penguin",
									"value": 6
								},
								{
									"key": "PlantSlime",
									"value": 3
								},
								{
									"key": "Kitsunebi",
									"value": 1
								},
								{
									"key": "ElecCat",
									"value": 6
								},
								{
									"key": "NegativeKoala",
									"value": 3
								},
								{
									"key": "WoolFox",
									"value": 1
								},
								{
									"key": "FlowerDinosaur",
									"value": 1
								},
								{
									"key": "Alpaca",
									"value": 1
								},
								{
									"key": "KingAlpaca",
									"value": 1
								},
								{
									"key": "BerryGoat",
									"value": 1
								},
								{
									"key": "Ganesha",
									"value": 1
								},
								{
									"key": "ColorfulBird",
									"value": 1
								},
								{
									"key": "MopKing",
									"value": 2
								},
								{
									"key": "MopBaby",
									"value": 3
								},
								{
									"key": "BluePlatypus",
									"value": 1
								},
								{
									"key": "CuteButterfly",
									"value": 1
								},
								{
									"key": "Eagle",
									"value": 1
								},
								{
									"key": "LittleBriarRose",
									"value": 1
								},
								{
									"key": "RobinHood",
									"value": 1
								},
								{
									"key": "HadesBird",
									"value": 1
								},
								{
									"key": "Gorilla",
									"value": 2
								},
								{
									"key": "DrillGame",
									"value": 5
								},
								{
									"key": "HerculesBeetle",
									"value": 3
								},
								{
									"key": "LavaGirl",
									"value": 1
								},
								{
									"key": "SharkKid",
									"value": 4
								},
								{
									"key": "Carbunclo",
									"value": 1
								},
								{
									"key": "DarkAlien",
									"value": 1
								},
								{
									"key": "FlowerDoll",
									"value": 1
								},
								{
									"key": "FairyDragon",
									"value": 1
								},
								{
									"key": "GrassMammoth",
									"value": 1
								},
								{
									"key": "CuteMole",
									"value": 1
								},
								{
									"key": "Bastet",
									"value": 1
								},
								{
									"key": "MimicDog",
									"value": 2
								},
								{
									"key": "CaptainPenguin",
									"value": 1
								},
								{
									"key": "JetDragon",
									"value": 2
								},
								{
									"key": "WhiteMoth",
									"value": 1
								},
								{
									"key": "RaijinDaughter",
									"value": 1
								},
								{
									"key": "VioletFairy",
									"value": 1
								},
								{
									"key": "FlowerDinosaur_Electric",
									"value": 1
								},
								{
									"key": "ThunderDog",
									"value": 3
								},
								{
									"key": "SkyDragon",
									"value": 1
								},
								{
									"key": "Werewolf",
									"value": 1
								}
							],
							"type": "MapProperty"
						},
						"PaldeckUnlockFlag": {
							"key_type": "NameProperty",
							"value_type": "BoolProperty",
							"key_struct_type": null,
							"value_struct_type": null,
							"id": null,
							"value": [
								{
									"key": "DreamDemon",
									"value": true
								},
								{
									"key": "WizardOwl",
									"value": true
								},
								{
									"key": "PinkCat",
									"value": true
								},
								{
									"key": "ChickenPal",
									"value": true
								},
								{
									"key": "Sheepball",
									"value": true
								},
								{
									"key": "CatBat",
									"value": true
								},
								{
									"key": "Deer",
									"value": true
								},
								{
									"key": "Penguin",
									"value": true
								},
								{
									"key": "PlantSlime",
									"value": true
								},
								{
									"key": "Kitsunebi",
									"value": true
								},
								{
									"key": "ElecCat",
									"value": true
								},
								{
									"key": "NegativeKoala",
									"value": true
								},
								{
									"key": "WoolFox",
									"value": true
								},
								{
									"key": "FlowerDinosaur",
									"value": true
								},
								{
									"key": "Alpaca",
									"value": true
								},
								{
									"key": "KingAlpaca",
									"value": true
								},
								{
									"key": "BerryGoat",
									"value": true
								},
								{
									"key": "Ganesha",
									"value": true
								},
								{
									"key": "ColorfulBird",
									"value": true
								},
								{
									"key": "MopKing",
									"value": true
								},
								{
									"key": "MopBaby",
									"value": true
								},
								{
									"key": "BluePlatypus",
									"value": true
								},
								{
									"key": "CuteButterfly",
									"value": true
								},
								{
									"key": "Eagle",
									"value": true
								},
								{
									"key": "LittleBriarRose",
									"value": true
								},
								{
									"key": "RobinHood",
									"value": true
								},
								{
									"key": "HadesBird",
									"value": true
								},
								{
									"key": "Gorilla",
									"value": true
								},
								{
									"key": "DrillGame",
									"value": true
								},
								{
									"key": "HerculesBeetle",
									"value": true
								},
								{
									"key": "Anubis",
									"value": true
								},
								{
									"key": "Umihebi_Fire",
									"value": true
								},
								{
									"key": "LavaGirl",
									"value": true
								},
								{
									"key": "SharkKid",
									"value": true
								},
								{
									"key": "Yeti",
									"value": true
								},
								{
									"key": "Carbunclo",
									"value": true
								},
								{
									"key": "DarkAlien",
									"value": true
								},
								{
									"key": "JetDragon",
									"value": true
								},
								{
									"key": "FlowerDoll",
									"value": true
								},
								{
									"key": "FairyDragon",
									"value": true
								},
								{
									"key": "GrassMammoth",
									"value": true
								},
								{
									"key": "CuteMole",
									"value": true
								},
								{
									"key": "Bastet",
									"value": true
								},
								{
									"key": "MimicDog",
									"value": true
								},
								{
									"key": "CaptainPenguin",
									"value": true
								},
								{
									"key": "WhiteMoth",
									"value": true
								},
								{
									"key": "RaijinDaughter",
									"value": true
								},
								{
									"key": "VioletFairy",
									"value": true
								},
								{
									"key": "FlowerDinosaur_Electric",
									"value": true
								},
								{
									"key": "ThunderDog",
									"value": true
								},
								{
									"key": "SkyDragon",
									"value": true
								},
								{
									"key": "Werewolf",
									"value": true
								}
							],
							"type": "MapProperty"
						},
						"PalCaptureBonusExpTableIndex": {
							"id": null,
							"value": 99,
							"type": "IntProperty"
						},
						"NpcBonusExpTableIndex": {
							"id": null,
							"value": 4,
							"type": "IntProperty"
						},
						"RelicObtainForInstanceFlag": {
							"key_type": "NameProperty",
							"value_type": "BoolProperty",
							"key_struct_type": null,
							"value_struct_type": null,
							"id": null,
							"value": [
								{
									"key": "F6974F26465A10C0BFC891962D02BE0D",
									"value": true
								},
								{
									"key": "A360858E448AF927AF914D8E9D74E416",
									"value": true
								},
								{
									"key": "BDF589CE46446C60D7A80995B790B7EB",
									"value": true
								},
								{
									"key": "3AB9CE5C4B8A44C17F118F86035C6DC3",
									"value": true
								},
								{
									"key": "56124ABD45A00948DD0263AA1AD504C8",
									"value": true
								},
								{
									"key": "3FCDD60241813499AB43C1B0A6C6A581",
									"value": true
								},
								{
									"key": "B9A36C3E49929005068103A5C0420B97",
									"value": true
								},
								{
									"key": "1DC0898A45ED48935297D297D0F72718",
									"value": true
								},
								{
									"key": "177DACE14502183F9AF2FC8BE9E3D44A",
									"value": true
								},
								{
									"key": "7D3A585F4CEFCAFE7C262394D6DEA845",
									"value": true
								},
								{
									"key": "D1917BED4C918F31E082C4872AC226FA",
									"value": true
								},
								{
									"key": "A9589829471FDB190D97DC89537CE11F",
									"value": true
								},
								{
									"key": "BDC3B5FB4CA1DFA3B2C83A9C8382EE5A",
									"value": true
								},
								{
									"key": "262E8A4A4CDDBB0858920F8C9A201A97",
									"value": true
								},
								{
									"key": "3D9263B94CA576D6C0ABB680573CC4C1",
									"value": true
								},
								{
									"key": "739799584D0EE9B1FFAE79B5455377F8",
									"value": true
								}
							],
							"type": "MapProperty"
						},
						"RelicPossessNum": {
							"id": null,
							"value": 15,
							"type": "IntProperty"
						},
						"NoteObtainForInstanceFlag": {
							"key_type": "NameProperty",
							"value_type": "BoolProperty",
							"key_struct_type": null,
							"value_struct_type": null,
							"id": null,
							"value": [
								{
									"key": "Day-xx",
									"value": true
								},
								{
									"key": "GrassBoss3",
									"value": true
								},
								{
									"key": "Day11",
									"value": true
								},
								{
									"key": "Day12-3",
									"value": true
								},
								{
									"key": "Day3",
									"value": true
								},
								{
									"key": "Day1-1",
									"value": true
								},
								{
									"key": "Day38",
									"value": true
								}
							],
							"type": "MapProperty"
						},
						"FastTravelPointUnlockFlag": {
							"key_type": "NameProperty",
							"value_type": "BoolProperty",
							"key_struct_type": null,
							"value_struct_type": null,
							"id": null,
							"value": [
								{
									"key": "6E03F8464BAD9E458B843AA30BE1CC8F",
									"value": true
								},
								{
									"key": "603ED0CD4CFB9AFDC9E11F805594CCE5",
									"value": true
								},
								{
									"key": "DDBBFFAF43D9219AE68DF98744DF0831",
									"value": true
								},
								{
									"key": "979BF2044C8E8FE559B598A95A83EDE3",
									"value": true
								},
								{
									"key": "D27AFCAD472164F000D33A8D8B61FE8B",
									"value": true
								},
								{
									"key": "9FBB93D84811BE424A37C391DBFBB476",
									"value": true
								},
								{
									"key": "923B781345D2AB7ECED6BABD6E97ECE8",
									"value": true
								},
								{
									"key": "BF8B123244ADB794A06EA8A10503FBDD",
									"value": true
								},
								{
									"key": "2DE1702048A1D4A82126168C49BE51A9",
									"value": true
								},
								{
									"key": "A277AE6341EF40D84D711EA52303353F",
									"value": true
								},
								{
									"key": "1BDEABA240B1699541C17F83E59E61DF",
									"value": true
								},
								{
									"key": "4D2F204549AB656CA1EA4B8E39C484F3",
									"value": true
								},
								{
									"key": "28D514E74B51FD9EB078A891DB0787C2",
									"value": true
								},
								{
									"key": "F8DF603B4C750B37D943C9AF6A911946",
									"value": true
								},
								{
									"key": "7170881D44249E90902F728E240493AF",
									"value": true
								},
								{
									"key": "41727100495D21DC905D309C53989914",
									"value": true
								},
								{
									"key": "E88379634CB5B6117DA2E7B8810BFE0A",
									"value": true
								},
								{
									"key": "ACAE5FB04D48DE4197443E9C0993086B",
									"value": true
								},
								{
									"key": "3697999C458BF8A3C7973382969FBDF9",
									"value": true
								},
								{
									"key": "3A0F123947BE045BC415C6B061A5285A",
									"value": true
								}
							],
							"type": "MapProperty"
						},
						"CraftItemCount": {
							"key_type": "NameProperty",
							"value_type": "IntProperty",
							"key_struct_type": null,
							"value_struct_type": null,
							"id": null,
							"value": [
								{
									"key": "Pickaxe_Tier_00",
									"value": 4
								},
								{
									"key": "Axe_Tier_00",
									"value": 2
								},
								{
									"key": "PalSphere",
									"value": 162
								},
								{
									"key": "WeakerBow",
									"value": 3
								},
								{
									"key": "Arrow",
									"value": 546
								},
								{
									"key": "Bat",
									"value": 1
								},
								{
									"key": "Cloth",
									"value": 285
								},
								{
									"key": "ClothArmor",
									"value": 3
								},
								{
									"key": "Glider_Old",
									"value": 3
								},
								{
									"key": "Shield_01",
									"value": 4
								},
								{
									"key": "Baked_Berries",
									"value": 5039
								},
								{
									"key": "BakedMeat_SheepBall",
									"value": 57
								},
								{
									"key": "BakedMeat_ChickenPal",
									"value": 11
								},
								{
									"key": "CopperIngot",
									"value": 753
								},
								{
									"key": "FurHelmet",
									"value": 4
								},
								{
									"key": "SkillUnlock_DreamDemon",
									"value": 1
								},
								{
									"key": "MachineParts",
									"value": 92
								},
								{
									"key": "PalSphere_Mega",
									"value": 15
								},
								{
									"key": "SkillUnlock_Deer",
									"value": 1
								},
								{
									"key": "BakedMeat_Deer",
									"value": 12
								},
								{
									"key": "Pickaxe_Tier_01",
									"value": 3
								},
								{
									"key": "Axe_Tier_01",
									"value": 1
								},
								{
									"key": "Spear_2",
									"value": 1
								},
								{
									"key": "BowGun_Poison",
									"value": 1
								},
								{
									"key": "Arrow_Poison",
									"value": 45
								},
								{
									"key": "BowGun",
									"value": 1
								},
								{
									"key": "Torch",
									"value": 1
								},
								{
									"key": "SkillUnlock_Kitsunebi",
									"value": 1
								},
								{
									"key": "AutoMealPouch_Tier1",
									"value": 4
								},
								{
									"key": "ClothArmorCold",
									"value": 2
								},
								{
									"key": "ClothArmorHeat",
									"value": 1
								},
								{
									"key": "Shield_02",
									"value": 1
								},
								{
									"key": "Bow_triple",
									"value": 1
								},
								{
									"key": "SkillUnlock_NegativeOctopus",
									"value": 1
								},
								{
									"key": "GrapplingGun2",
									"value": 1
								},
								{
									"key": "FurArmorCold",
									"value": 1
								},
								{
									"key": "GrilledSheepHerbs",
									"value": 21
								},
								{
									"key": "SkillUnlock_KingAlpaca",
									"value": 1
								},
								{
									"key": "ChickenSaute",
									"value": 24
								},
								{
									"key": "SkillUnlock_FlowerDinosaur",
									"value": 1
								},
								{
									"key": "SkillUnlock_Eagle",
									"value": 1
								},
								{
									"key": "SkillUnlock_Penguin",
									"value": 1
								},
								{
									"key": "FishingRod_01_1",
									"value": 1
								},
								{
									"key": "Lantern",
									"value": 1
								},
								{
									"key": "FishingBait_2",
									"value": 240
								},
								{
									"key": "SphereModule_Curve",
									"value": 1
								},
								{
									"key": "Cement",
									"value": 200
								},
								{
									"key": "AdditionalInventory_001",
									"value": 1
								},
								{
									"key": "Unlock_Picking_Tier1",
									"value": 1
								},
								{
									"key": "Shield_03",
									"value": 1
								},
								{
									"key": "Homeward",
									"value": 10
								},
								{
									"key": "Charcoal",
									"value": 4672
								}
							],
							"type": "MapProperty"
						},
						"NormalDungeonClearCount": {
							"id": null,
							"value": 1,
							"type": "IntProperty"
						},
						"FixedDungeonClearCount": {
							"id": null,
							"value": 8,
							"type": "IntProperty"
						},
						"FindAreaFlagMap": {
							"key_type": "NameProperty",
							"value_type": "BoolProperty",
							"key_struct_type": null,
							"value_struct_type": null,
							"id": null,
							"value": [
								{
									"key": "Grass_001",
									"value": true
								},
								{
									"key": "Tower_Grass",
									"value": true
								},
								{
									"key": "Grass_Village_001",
									"value": true
								},
								{
									"key": "Grass_3",
									"value": true
								},
								{
									"key": "Grass_4",
									"value": true
								},
								{
									"key": "Grass_7",
									"value": true
								},
								{
									"key": "Forest_002",
									"value": true
								},
								{
									"key": "Forest_FixedDungeon_001",
									"value": true
								},
								{
									"key": "Frost_Small",
									"value": true
								},
								{
									"key": "Tower_Forest",
									"value": true
								},
								{
									"key": "Forest_FixedDungeon_005",
									"value": true
								},
								{
									"key": "Forest_001",
									"value": true
								},
								{
									"key": "Forest_Ruin",
									"value": true
								},
								{
									"key": "Forest_FixedDungeon_002",
									"value": true
								},
								{
									"key": "Grass_5",
									"value": true
								},
								{
									"key": "PvPIsland_005",
									"value": true
								},
								{
									"key": "Grass_FixedDungeon_006",
									"value": true
								},
								{
									"key": "Grass_FixedDungeon_001",
									"value": true
								},
								{
									"key": "Forest_FixedDungeon_003",
									"value": true
								},
								{
									"key": "Forest_FixedDungeon_004",
									"value": true
								},
								{
									"key": "Desert_001",
									"value": true
								},
								{
									"key": "Desert_Village_001",
									"value": true
								},
								{
									"key": "Desert_Small",
									"value": true
								},
								{
									"key": "Grass_9",
									"value": true
								},
								{
									"key": "Grass_FixedDungeon_003",
									"value": true
								}
							],
							"type": "MapProperty"
						},
						"AreaBonusExpTableIndex": {
							"id": null,
							"value": 30,
							"type": "IntProperty"
						},
						"NPCTalkCountMap": {
							"key_type": "NameProperty",
							"value_type": "IntProperty",
							"key_struct_type": null,
							"value_struct_type": null,
							"id": null,
							"value": [
								{
									"key": "11BA233D4DF76C83A529DF83EAFDF23A",
									"value": 1
								},
								{
									"key": "9920781C45BA7F5CE15F508F6AC27B4C",
									"value": 1
								},
								{
									"key": "834398374941399E503F70BFD132AE60",
									"value": 1
								},
								{
									"key": "91B2FF374D0A53A147CA2492DC4CE4FA",
									"value": 1
								},
								{
									"key": "904C55D64A3780944F2FA19BB427D8AF",
									"value": 1
								},
								{
									"key": "E1BA799D43360284AEA230B89E2A20DD",
									"value": 2
								}
							],
							"type": "MapProperty"
						},
						"InvokeNPCNetworkEventMap": {
							"key_type": "NameProperty",
							"value_type": "BoolProperty",
							"key_struct_type": null,
							"value_struct_type": null,
							"id": null,
							"value": [
								{
									"key": "Guard_Rifle_Gift",
									"value": true
								}
							],
							"type": "MapProperty"
						},
						"CampConqueredCount": {
							"id": null,
							"value": 1,
							"type": "IntProperty"
						},
						"FoundTreasureCount": {
							"id": null,
							"value": 1,
							"type": "IntProperty"
						},
						"PalDisplayNPCDataTableProgress": {
							"key_type": "NameProperty",
							"value_type": "BoolProperty",
							"key_struct_type": null,
							"value_struct_type": null,
							"id": null,
							"value": [
								{
									"key": "Area_A1_1",
									"value": true
								}
							],
							"type": "MapProperty"
						},
						"NPCAchivementRewardFlag": {
							"key_type": "NameProperty",
							"value_type": "BoolProperty",
							"key_struct_type": null,
							"value_struct_type": null,
							"id": null,
							"value": [
								{
									"key": "PalDex_1",
									"value": true
								},
								{
									"key": "PalDex_2",
									"value": true
								},
								{
									"key": "PalDex_3",
									"value": true
								}
							],
							"type": "MapProperty"
						}
					},
					"type": "StructProperty"
				},
				"SkinInventoryInfo": {
					"struct_type": "PalSkinInventoryInfo",
					"struct_id": "00000000-0000-0000-0000-000000000000",
					"id": null,
					"value": {
						"InGameData": {
							"array_type": "StructProperty",
							"id": null,
							"value": {
								"prop_name": "InGameData",
								"prop_type": "StructProperty",
								"values": [
									{
										"SkinName": {
											"id": null,
											"value": "PinkCat_Skin001",
											"type": "NameProperty"
										},
										"Num": {
											"id": null,
											"value": 1,
											"type": "IntProperty"
										}
									},
									{
										"SkinName": {
											"id": null,
											"value": "WeaselDragon_Skin001",
											"type": "NameProperty"
										},
										"Num": {
											"id": null,
											"value": 1,
											"type": "IntProperty"
										}
									},
									{
										"SkinName": {
											"id": null,
											"value": "LazyDragon_Skin001",
											"type": "NameProperty"
										},
										"Num": {
											"id": null,
											"value": 1,
											"type": "IntProperty"
										}
									},
									{
										"SkinName": {
											"id": null,
											"value": "SkyDragon_Skin001",
											"type": "NameProperty"
										},
										"Num": {
											"id": null,
											"value": 1,
											"type": "IntProperty"
										}
									},
									{
										"SkinName": {
											"id": null,
											"value": "PlantSlime_Skin001",
											"type": "NameProperty"
										},
										"Num": {
											"id": null,
											"value": 1,
											"type": "IntProperty"
										}
									},
									{
										"SkinName": {
											"id": null,
											"value": "Penguin_Skin001",
											"type": "NameProperty"
										},
										"Num": {
											"id": null,
											"value": 1,
											"type": "IntProperty"
										}
									},
									{
										"SkinName": {
											"id": null,
											"value": "NegativeKoala_Skin001",
											"type": "NameProperty"
										},
										"Num": {
											"id": null,
											"value": 1,
											"type": "IntProperty"
										}
									},
									{
										"SkinName": {
											"id": null,
											"value": "CatMage_Skin001",
											"type": "NameProperty"
										},
										"Num": {
											"id": null,
											"value": 1,
											"type": "IntProperty"
										}
									},
									{
										"SkinName": {
											"id": null,
											"value": "JetDragon_Skin001",
											"type": "NameProperty"
										},
										"Num": {
											"id": null,
											"value": 1,
											"type": "IntProperty"
										}
									},
									{
										"SkinName": {
											"id": null,
											"value": "WeaselDragon_Skin002",
											"type": "NameProperty"
										},
										"Num": {
											"id": null,
											"value": 1,
											"type": "IntProperty"
										}
									},
									{
										"SkinName": {
											"id": null,
											"value": "Anubis_Skin001",
											"type": "NameProperty"
										},
										"Num": {
											"id": null,
											"value": 1,
											"type": "IntProperty"
										}
									},
									{
										"SkinName": {
											"id": null,
											"value": "IceHorse_Skin002",
											"type": "NameProperty"
										},
										"Num": {
											"id": null,
											"value": 1,
											"type": "IntProperty"
										}
									},
									{
										"SkinName": {
											"id": null,
											"value": "BlackGriffon_Skin001",
											"type": "NameProperty"
										},
										"Num": {
											"id": null,
											"value": 1,
											"type": "IntProperty"
										}
									},
									{
										"SkinName": {
											"id": null,
											"value": "PinkCat_Skin003",
											"type": "NameProperty"
										},
										"Num": {
											"id": null,
											"value": 1,
											"type": "IntProperty"
										}
									},
									{
										"SkinName": {
											"id": null,
											"value": "KendoFrog_Skin001",
											"type": "NameProperty"
										},
										"Num": {
											"id": null,
											"value": 1,
											"type": "IntProperty"
										}
									},
									{
										"SkinName": {
											"id": null,
											"value": "WeaselDragon_Fire_Skin002",
											"type": "NameProperty"
										},
										"Num": {
											"id": null,
											"value": 1,
											"type": "IntProperty"
										}
									},
									{
										"SkinName": {
											"id": null,
											"value": "PinkCat_Skin004",
											"type": "NameProperty"
										},
										"Num": {
											"id": null,
											"value": 1,
											"type": "IntProperty"
										}
									},
									{
										"SkinName": {
											"id": null,
											"value": "WeaselDragon_Skin003",
											"type": "NameProperty"
										},
										"Num": {
											"id": null,
											"value": 1,
											"type": "IntProperty"
										}
									},
									{
										"SkinName": {
											"id": null,
											"value": "WeaselDragon_Fire_Skin003",
											"type": "NameProperty"
										},
										"Num": {
											"id": null,
											"value": 1,
											"type": "IntProperty"
										}
									},
									{
										"SkinName": {
											"id": null,
											"value": "LilyQueen_Skin002",
											"type": "NameProperty"
										},
										"Num": {
											"id": null,
											"value": 1,
											"type": "IntProperty"
										}
									},
									{
										"SkinName": {
											"id": null,
											"value": "LilyQueen_Dark_Skin002",
											"type": "NameProperty"
										},
										"Num": {
											"id": null,
											"value": 1,
											"type": "IntProperty"
										}
									},
									{
										"SkinName": {
											"id": null,
											"value": "WeaselDragon_Skin004",
											"type": "NameProperty"
										},
										"Num": {
											"id": null,
											"value": 1,
											"type": "IntProperty"
										}
									}
								],
								"type_name": "PalSkinInGameItemData",
								"id": "00000000-0000-0000-0000-000000000000"
							},
							"type": "ArrayProperty"
						}
					},
					"type": "StructProperty"
				},
				"bIsSelectedInitMapPoint": {
					"value": true,
					"id": null,
					"type": "BoolProperty"
				},
				"OrderedQuestArray": {
					"array_type": "StructProperty",
					"id": null,
					"value": {
						"prop_name": "OrderedQuestArray",
						"prop_type": "StructProperty",
						"values": [
							{
								"QuestName": {
									"id": null,
									"value": "Sub_PalDisplay_A_01",
									"type": "NameProperty"
								},
								"BlockIndex": {
									"id": null,
									"value": 0,
									"type": "IntProperty"
								},
								"IntegerMap": {
									"key_type": "NameProperty",
									"value_type": "IntProperty",
									"key_struct_type": null,
									"value_struct_type": null,
									"id": null,
									"value": [],
									"type": "MapProperty"
								},
								"StringMap": {
									"key_type": "NameProperty",
									"value_type": "StrProperty",
									"key_struct_type": null,
									"value_struct_type": null,
									"id": null,
									"value": [],
									"type": "MapProperty"
								}
							},
							{
								"QuestName": {
									"id": null,
									"value": "Sub_PaldexReward",
									"type": "NameProperty"
								},
								"BlockIndex": {
									"id": null,
									"value": 0,
									"type": "IntProperty"
								},
								"IntegerMap": {
									"key_type": "NameProperty",
									"value_type": "IntProperty",
									"key_struct_type": null,
									"value_struct_type": null,
									"id": null,
									"value": [],
									"type": "MapProperty"
								},
								"StringMap": {
									"key_type": "NameProperty",
									"value_type": "StrProperty",
									"key_struct_type": null,
									"value_struct_type": null,
									"id": null,
									"value": [],
									"type": "MapProperty"
								}
							},
							{
								"QuestName": {
									"id": null,
									"value": "Sub_PalDisplay_C_01",
									"type": "NameProperty"
								},
								"BlockIndex": {
									"id": null,
									"value": 0,
									"type": "IntProperty"
								},
								"IntegerMap": {
									"key_type": "NameProperty",
									"value_type": "IntProperty",
									"key_struct_type": null,
									"value_struct_type": null,
									"id": null,
									"value": [],
									"type": "MapProperty"
								},
								"StringMap": {
									"key_type": "NameProperty",
									"value_type": "StrProperty",
									"key_struct_type": null,
									"value_struct_type": null,
									"id": null,
									"value": [],
									"type": "MapProperty"
								}
							},
							{
								"QuestName": {
									"id": null,
									"value": "Sub_PalDisplay_D_01",
									"type": "NameProperty"
								},
								"BlockIndex": {
									"id": null,
									"value": 0,
									"type": "IntProperty"
								},
								"IntegerMap": {
									"key_type": "NameProperty",
									"value_type": "IntProperty",
									"key_struct_type": null,
									"value_struct_type": null,
									"id": null,
									"value": [],
									"type": "MapProperty"
								},
								"StringMap": {
									"key_type": "NameProperty",
									"value_type": "StrProperty",
									"key_struct_type": null,
									"value_struct_type": null,
									"id": null,
									"value": [],
									"type": "MapProperty"
								}
							},
							{
								"QuestName": {
									"id": null,
									"value": "Sub_PalDisplay_E_01",
									"type": "NameProperty"
								},
								"BlockIndex": {
									"id": null,
									"value": 0,
									"type": "IntProperty"
								},
								"IntegerMap": {
									"key_type": "NameProperty",
									"value_type": "IntProperty",
									"key_struct_type": null,
									"value_struct_type": null,
									"id": null,
									"value": [],
									"type": "MapProperty"
								},
								"StringMap": {
									"key_type": "NameProperty",
									"value_type": "StrProperty",
									"key_struct_type": null,
									"value_struct_type": null,
									"id": null,
									"value": [],
									"type": "MapProperty"
								}
							}
						],
						"type_name": "PalOrderedQuestSaveData",
						"id": "00000000-0000-0000-0000-000000000000"
					},
					"type": "ArrayProperty"
				},
				"CompletedQuestArray": {
					"array_type": "NameProperty",
					"id": null,
					"value": {
						"values": [
							"Main_UnlockFastTravel",
							"Main_PickupWood",
							"Main_GainStatus",
							"Main_BuildWorkBench",
							"Main_UnlockPalSphere",
							"Main_CollectCrystal",
							"Main_CraftPalSphere",
							"Main_CapturePal",
							"Main_UnlockPalBox",
							"Main_BuildPalBox",
							"Main_WorkerPal",
							"Main_Meal",
							"Main_EquipClothArmor",
							"Main_CaptureSheepBall",
							"Main_CaptureSheepBall",
							"Main_CraftShield",
							"Main_UseGlider",
							"Main_CaptureSheepBall",
							"Main_CraftShield",
							"Main_CaptureSheepBall",
							"Main_CraftShield",
							"Main_Capture30Pal",
							"Sub_Farmer03",
							"Sub_Farmer04"
						]
					},
					"type": "ArrayProperty"
				}
			},
			"type": "StructProperty"
		}
	},
	"trailer": "AAAAAA=="
}